policy_id,constraint_name,limit_v12,actual_v12,slack_v12,active_v12,column_round_v12,pool_n_v12,version_v16,claim_boundary_v16,diagnostic_v20,version_v24,claim_boundary_v24,version_v28,claim_boundary_v28,version_v33,claim_boundary_v33
v13_cvar_mdcp_colgen_relaxed_k32000_floor80000_cap250000,cvar90,250000.0,250000.0,0.0,True,3,32000,active_constraint_review_from_v13_restricted_master,active in restricted pool; use as diagnostic not proof of global dual optimality,active caps in restricted-master evidence; use for infeasibility narrative,active_cap_diagnostics,"restricted master active constraints, not full-universe dual certificate",active_caps_v2,"active cap diagnostic, not full LP dual certificate",active_caps_v3,active cap diagnostic; no exact dual certificate
v13_cvar_mdcp_colgen_relaxed_k32000_floor80000_cap250000,return_floor,80000.0,126298.70435513796,46298.70435513796,False,3,32000,active_constraint_review_from_v13_restricted_master,active in restricted pool; use as diagnostic not proof of global dual optimality,active caps in restricted-master evidence; use for infeasibility narrative,active_cap_diagnostics,"restricted master active constraints, not full-universe dual certificate",active_caps_v2,"active cap diagnostic, not full LP dual certificate",active_caps_v3,active cap diagnostic; no exact dual certificate
v13_cvar_mdcp_colgen_relaxed_k32000_floor80000_cap250000,qhat_cap,0.9,0.7622091188220578,0.1377908811779422,False,3,32000,active_constraint_review_from_v13_restricted_master,active in restricted pool; use as diagnostic not proof of global dual optimality,active caps in restricted-master evidence; use for infeasibility narrative,active_cap_diagnostics,"restricted master active constraints, not full-universe dual certificate",active_caps_v2,"active cap diagnostic, not full LP dual certificate",active_caps_v3,active cap diagnostic; no exact dual certificate
v13_cvar_mdcp_colgen_relaxed_k32000_floor80000_cap250000,cap_grade_dplus,0.6859999999999999,0.3148369558693175,0.3711630441306824,False,3,32000,active_constraint_review_from_v13_restricted_master,active in restricted pool; use as diagnostic not proof of global dual optimality,active caps in restricted-master evidence; use for infeasibility narrative,active_cap_diagnostics,"restricted master active constraints, not full-universe dual certificate",active_caps_v2,"active cap diagnostic, not full LP dual certificate",active_caps_v3,active cap diagnostic; no exact dual certificate
v13_cvar_mdcp_colgen_relaxed_k32000_floor80000_cap250000,cap_dti_high,0.6859999999999999,0.0359613671925349,0.650038632807465,False,3,32000,active_constraint_review_from_v13_restricted_master,active in restricted pool; use as diagnostic not proof of global dual optimality,active caps in restricted-master evidence; use for infeasibility narrative,active_cap_diagnostics,"restricted master active constraints, not full-universe dual certificate",active_caps_v2,"active cap diagnostic, not full LP dual certificate",active_caps_v3,active cap diagnostic; no exact dual certificate
v13_cvar_mdcp_colgen_relaxed_k32000_floor80000_cap250000,cap_score_low,1.0,0.9021,0.0978999999999999,False,3,32000,active_constraint_review_from_v13_restricted_master,active in restricted pool; use as diagnostic not proof of global dual optimality,active caps in restricted-master evidence; use for infeasibility narrative,active_cap_diagnostics,"restricted master active constraints, not full-universe dual certificate",active_caps_v2,"active cap diagnostic, not full LP dual certificate",active_caps_v3,active cap diagnostic; no exact dual certificate
v13_cvar_mdcp_colgen_relaxed_k32000_floor80000_cap250000,cap_income_q5,0.7974285714285714,0.3400363671925349,0.4573922042360364,False,3,32000,active_constraint_review_from_v13_restricted_master,active in restricted pool; use as diagnostic not proof of global dual optimality,active caps in restricted-master evidence; use for infeasibility narrative,active_cap_diagnostics,"restricted master active constraints, not full-universe dual certificate",active_caps_v2,"active cap diagnostic, not full LP dual certificate",active_caps_v3,active cap diagnostic; no exact dual certificate
v13_cvar_mdcp_colgen_relaxed_k32000_floor80000_cap250000,cap_period_2018h1,0.81,0.3158244113232174,0.4941755886767826,False,3,32000,active_constraint_review_from_v13_restricted_master,active in restricted pool; use as diagnostic not proof of global dual optimality,active caps in restricted-master evidence; use for infeasibility narrative,active_cap_diagnostics,"restricted master active constraints, not full-universe dual certificate",active_caps_v2,"active cap diagnostic, not full LP dual certificate",active_caps_v3,active cap diagnostic; no exact dual certificate
v13_cvar_mdcp_colgen_relaxed_k32000_floor80000_cap250000,cap_state_top20,1.0,1.0,0.0,True,3,32000,active_constraint_review_from_v13_restricted_master,active in restricted pool; use as diagnostic not proof of global dual optimality,active caps in restricted-master evidence; use for infeasibility narrative,active_cap_diagnostics,"restricted master active constraints, not full-universe dual certificate",active_caps_v2,"active cap diagnostic, not full LP dual certificate",active_caps_v3,active cap diagnostic; no exact dual certificate
v13_cvar_mdcp_colgen_relaxed_k32000_floor105000_cap300000,cvar90,300000.0,300000.0,0.0,True,3,32000,active_constraint_review_from_v13_restricted_master,active in restricted pool; use as diagnostic not proof of global dual optimality,active caps in restricted-master evidence; use for infeasibility narrative,active_cap_diagnostics,"restricted master active constraints, not full-universe dual certificate",active_caps_v2,"active cap diagnostic, not full LP dual certificate",active_caps_v3,active cap diagnostic; no exact dual certificate
v13_cvar_mdcp_colgen_relaxed_k32000_floor105000_cap300000,return_floor,105000.0,135633.49524334646,30633.495243346464,False,3,32000,active_constraint_review_from_v13_restricted_master,active in restricted pool; use as diagnostic not proof of global dual optimality,active caps in restricted-master evidence; use for infeasibility narrative,active_cap_diagnostics,"restricted master active constraints, not full-universe dual certificate",active_caps_v2,"active cap diagnostic, not full LP dual certificate",active_caps_v3,active cap diagnostic; no exact dual certificate
v13_cvar_mdcp_colgen_relaxed_k32000_floor105000_cap300000,qhat_cap,0.9,0.8193594549063339,0.0806405450936661,False,3,32000,active_constraint_review_from_v13_restricted_master,active in restricted pool; use as diagnostic not proof of global dual optimality,active caps in restricted-master evidence; use for infeasibility narrative,active_cap_diagnostics,"restricted master active constraints, not full-universe dual certificate",active_caps_v2,"active cap diagnostic, not full LP dual certificate",active_caps_v3,active cap diagnostic; no exact dual certificate
v13_cvar_mdcp_colgen_relaxed_k32000_floor105000_cap300000,cap_grade_dplus,0.6859999999999999,0.3624163938596344,0.3235836061403655,False,3,32000,active_constraint_review_from_v13_restricted_master,active in restricted pool; use as diagnostic not proof of global dual optimality,active caps in restricted-master evidence; use for infeasibility narrative,active_cap_diagnostics,"restricted master active constraints, not full-universe dual certificate",active_caps_v2,"active cap diagnostic, not full LP dual certificate",active_caps_v3,active cap diagnostic; no exact dual certificate
v13_cvar_mdcp_colgen_relaxed_k32000_floor105000_cap300000,cap_dti_high,0.6859999999999999,0.06015,0.6258499999999999,False,3,32000,active_constraint_review_from_v13_restricted_master,active in restricted pool; use as diagnostic not proof of global dual optimality,active caps in restricted-master evidence; use for infeasibility narrative,active_cap_diagnostics,"restricted master active constraints, not full-universe dual certificate",active_caps_v2,"active cap diagnostic, not full LP dual certificate",active_caps_v3,active cap diagnostic; no exact dual certificate
v13_cvar_mdcp_colgen_relaxed_k32000_floor105000_cap300000,cap_score_low,1.0,0.9620336061403656,0.0379663938596344,False,3,32000,active_constraint_review_from_v13_restricted_master,active in restricted pool; use as diagnostic not proof of global dual optimality,active caps in restricted-master evidence; use for infeasibility narrative,active_cap_diagnostics,"restricted master active constraints, not full-universe dual certificate",active_caps_v2,"active cap diagnostic, not full LP dual certificate",active_caps_v3,active cap diagnostic; no exact dual certificate
v13_cvar_mdcp_colgen_relaxed_k32000_floor105000_cap300000,cap_income_q5,0.7974285714285714,0.47565,0.3217785714285713,False,3,32000,active_constraint_review_from_v13_restricted_master,active in restricted pool; use as diagnostic not proof of global dual optimality,active caps in restricted-master evidence; use for infeasibility narrative,active_cap_diagnostics,"restricted master active constraints, not full-universe dual certificate",active_caps_v2,"active cap diagnostic, not full LP dual certificate",active_caps_v3,active cap diagnostic; no exact dual certificate
v13_cvar_mdcp_colgen_relaxed_k32000_floor105000_cap300000,cap_period_2018h1,0.81,0.17205,0.63795,False,3,32000,active_constraint_review_from_v13_restricted_master,active in restricted pool; use as diagnostic not proof of global dual optimality,active caps in restricted-master evidence; use for infeasibility narrative,active_cap_diagnostics,"restricted master active constraints, not full-universe dual certificate",active_caps_v2,"active cap diagnostic, not full LP dual certificate",active_caps_v3,active cap diagnostic; no exact dual certificate
v13_cvar_mdcp_colgen_relaxed_k32000_floor105000_cap300000,cap_state_top20,1.0,1.0,0.0,True,3,32000,active_constraint_review_from_v13_restricted_master,active in restricted pool; use as diagnostic not proof of global dual optimality,active caps in restricted-master evidence; use for infeasibility narrative,active_cap_diagnostics,"restricted master active constraints, not full-universe dual certificate",active_caps_v2,"active cap diagnostic, not full LP dual certificate",active_caps_v3,active cap diagnostic; no exact dual certificate
v13_cvar_mdcp_colgen_relaxed_k32000_floor125000_cap360000,cvar90,360000.0,307395.4792324827,52604.52076751727,False,3,32000,active_constraint_review_from_v13_restricted_master,active in restricted pool; use as diagnostic not proof of global dual optimality,active caps in restricted-master evidence; use for infeasibility narrative,active_cap_diagnostics,"restricted master active constraints, not full-universe dual certificate",active_caps_v2,"active cap diagnostic, not full LP dual certificate",active_caps_v3,active cap diagnostic; no exact dual certificate
v13_cvar_mdcp_colgen_relaxed_k32000_floor125000_cap360000,return_floor,125000.0,135633.49524334646,10633.495243346464,False,3,32000,active_constraint_review_from_v13_restricted_master,active in restricted pool; use as diagnostic not proof of global dual optimality,active caps in restricted-master evidence; use for infeasibility narrative,active_cap_diagnostics,"restricted master active constraints, not full-universe dual certificate",active_caps_v2,"active cap diagnostic, not full LP dual certificate",active_caps_v3,active cap diagnostic; no exact dual certificate
v13_cvar_mdcp_colgen_relaxed_k32000_floor125000_cap360000,qhat_cap,0.9,0.8193594549063339,0.0806405450936661,False,3,32000,active_constraint_review_from_v13_restricted_master,active in restricted pool; use as diagnostic not proof of global dual optimality,active caps in restricted-master evidence; use for infeasibility narrative,active_cap_diagnostics,"restricted master active constraints, not full-universe dual certificate",active_caps_v2,"active cap diagnostic, not full LP dual certificate",active_caps_v3,active cap diagnostic; no exact dual certificate
v13_cvar_mdcp_colgen_relaxed_k32000_floor125000_cap360000,cap_grade_dplus,0.6859999999999999,0.3624163938596344,0.3235836061403655,False,3,32000,active_constraint_review_from_v13_restricted_master,active in restricted pool; use as diagnostic not proof of global dual optimality,active caps in restricted-master evidence; use for infeasibility narrative,active_cap_diagnostics,"restricted master active constraints, not full-universe dual certificate",active_caps_v2,"active cap diagnostic, not full LP dual certificate",active_caps_v3,active cap diagnostic; no exact dual certificate
v13_cvar_mdcp_colgen_relaxed_k32000_floor125000_cap360000,cap_dti_high,0.6859999999999999,0.06015,0.6258499999999999,False,3,32000,active_constraint_review_from_v13_restricted_master,active in restricted pool; use as diagnostic not proof of global dual optimality,active caps in restricted-master evidence; use for infeasibility narrative,active_cap_diagnostics,"restricted master active constraints, not full-universe dual certificate",active_caps_v2,"active cap diagnostic, not full LP dual certificate",active_caps_v3,active cap diagnostic; no exact dual certificate
v13_cvar_mdcp_colgen_relaxed_k32000_floor125000_cap360000,cap_score_low,1.0,0.9620336061403656,0.0379663938596344,False,3,32000,active_constraint_review_from_v13_restricted_master,active in restricted pool; use as diagnostic not proof of global dual optimality,active caps in restricted-master evidence; use for infeasibility narrative,active_cap_diagnostics,"restricted master active constraints, not full-universe dual certificate",active_caps_v2,"active cap diagnostic, not full LP dual certificate",active_caps_v3,active cap diagnostic; no exact dual certificate
v13_cvar_mdcp_colgen_relaxed_k32000_floor125000_cap360000,cap_income_q5,0.7974285714285714,0.47565,0.3217785714285713,False,3,32000,active_constraint_review_from_v13_restricted_master,active in restricted pool; use as diagnostic not proof of global dual optimality,active caps in restricted-master evidence; use for infeasibility narrative,active_cap_diagnostics,"restricted master active constraints, not full-universe dual certificate",active_caps_v2,"active cap diagnostic, not full LP dual certificate",active_caps_v3,active cap diagnostic; no exact dual certificate
v13_cvar_mdcp_colgen_relaxed_k32000_floor125000_cap360000,cap_period_2018h1,0.81,0.17205,0.63795,False,3,32000,active_constraint_review_from_v13_restricted_master,active in restricted pool; use as diagnostic not proof of global dual optimality,active caps in restricted-master evidence; use for infeasibility narrative,active_cap_diagnostics,"restricted master active constraints, not full-universe dual certificate",active_caps_v2,"active cap diagnostic, not full LP dual certificate",active_caps_v3,active cap diagnostic; no exact dual certificate
v13_cvar_mdcp_colgen_relaxed_k32000_floor125000_cap360000,cap_state_top20,1.0,1.0,0.0,True,3,32000,active_constraint_review_from_v13_restricted_master,active in restricted pool; use as diagnostic not proof of global dual optimality,active caps in restricted-master evidence; use for infeasibility narrative,active_cap_diagnostics,"restricted master active constraints, not full-universe dual certificate",active_caps_v2,"active cap diagnostic, not full LP dual certificate",active_caps_v3,active cap diagnostic; no exact dual certificate
