policy_id,regime_v164,added_loan_id_v164,dropped_loan_id_v164,added_loan_amount_v164,dropped_loan_amount_v164,added_mean_return_v164,dropped_mean_return_v164,return_delta_v164,objective_return_after_swap_v164,exposure_after_swap_v164,budget_swap_feasible_v164,source_swap_feasible_v164,source_min_slack_after_swap_v164,max_source_share_after_swap_v164,source_cap_violations_after_swap_v164,first_source_block_family_v164,first_source_block_id_v164,loss_mean_after_swap_v164,cvar90_after_swap_v164,cvar_swap_feasible_v164,one_swap_improves_return_v164,integer_screen_scope_v164,claim_boundary_v164,added_grade_v164,dropped_grade_v164,added_score_decile_v164,dropped_score_decile_v164,added_income_band_v164,dropped_income_band_v164,added_dti_band_v164,dropped_dti_band_v164,added_period_v164,dropped_period_v164,added_state_top20_v164,dropped_state_top20_v164
v63_source_repair_return_guarded_repair,incumbent_cvar_relaxed_source_lp,161494495,126707528,1000.0,1000.0,-154.69251192380827,-226.37597165812684,71.68345973431857,1119.5770156479773,842400.0,True,True,6.907218559226713e-06,0.8992165242165242,0,,,61399.47969311208,95372.98132877337,True,True,post_v163_one_drop_one_add_whole_loan_swap,post-v163 one-swap pricing only; not multi-swap or global proof,D,E,3,3,3,1,2,0,2019,2018,CA,other
v63_source_repair_return_guarded_repair,incumbent_cvar_relaxed_source_lp,144038628,126707528,1000.0,1000.0,-154.87510766035297,-226.37597165812684,71.50086399777388,1119.3944199114326,842400.0,True,True,6.907218559226713e-06,0.8992165242165242,0,,,61353.632126493954,95381.64289805153,True,True,post_v163_one_drop_one_add_whole_loan_swap,post-v163 one-swap pricing only; not multi-swap or global proof,E,E,2,3,3,1,1,0,2018,2018,IL,other
v63_source_repair_return_guarded_repair,incumbent_cvar_relaxed_source_lp,159706782,126707528,1000.0,1000.0,-155.33436225993984,-226.37597165812684,71.041609398187,1118.9351653118456,842400.0,True,True,6.907218559226713e-06,0.8992165242165242,0,,,61241.40149317899,95208.03837564102,True,True,post_v163_one_drop_one_add_whole_loan_swap,post-v163 one-swap pricing only; not multi-swap or global proof,B,E,1,3,3,1,2,0,2019,2018,other,other
v63_source_repair_return_guarded_repair,incumbent_cvar_relaxed_source_lp,143080063,126707528,1000.0,1000.0,-156.12567534075419,-226.37597165812684,70.25029631737266,1118.1438522310314,842400.0,True,True,6.907218559226713e-06,0.8992165242165242,0,,,61345.03816847224,95370.06667916903,True,True,post_v163_one_drop_one_add_whole_loan_swap,post-v163 one-swap pricing only; not multi-swap or global proof,E,E,2,3,1,1,0,0,2018,2018,TX,other
v63_source_repair_return_guarded_repair,incumbent_cvar_relaxed_source_lp,140623777,167137941,3000.0,3000.0,-374.96750156141417,-445.1753118629482,70.20781030153404,1118.1013662151927,842400.0,True,True,6.907218559226713e-06,0.8956552706552706,0,,,61733.15123141442,95879.49101377379,True,True,post_v163_one_drop_one_add_whole_loan_swap,post-v163 one-swap pricing only; not multi-swap or global proof,D,B,1,0,4,2,4,0,2018,2020,IL,CA
v63_source_repair_return_guarded_repair,incumbent_cvar_relaxed_source_lp,137380434,126707528,1000.0,1000.0,-156.95404774473053,-226.37597165812684,69.42192391339631,1117.315479827055,842400.0,True,True,6.907218559226713e-06,0.8992165242165242,0,,,61365.616960157175,95386.79817338627,True,True,post_v163_one_drop_one_add_whole_loan_swap,post-v163 one-swap pricing only; not multi-swap or global proof,E,E,2,3,2,1,3,0,2018,2018,VA,other
v63_source_repair_return_guarded_repair,incumbent_cvar_relaxed_source_lp,161494495,126409482,1000.0,1000.0,-154.69251192380827,-223.9633297987982,69.27081787498994,1117.1643737886486,842400.0,True,True,6.907218559226713e-06,0.8992165242165242,0,,,61519.629331017895,95526.29056619071,True,True,post_v163_one_drop_one_add_whole_loan_swap,post-v163 one-swap pricing only; not multi-swap or global proof,D,C,3,2,3,2,2,3,2019,2018,CA,other
v63_source_repair_return_guarded_repair,incumbent_cvar_relaxed_source_lp,144038628,126409482,1000.0,1000.0,-154.87510766035297,-223.9633297987982,69.08822213844525,1116.981778052104,842400.0,True,True,6.907218559226713e-06,0.8992165242165242,0,,,61473.781764399784,95534.95213546889,True,True,post_v163_one_drop_one_add_whole_loan_swap,post-v163 one-swap pricing only; not multi-swap or global proof,E,C,2,2,3,2,1,3,2018,2018,IL,other
v63_source_repair_return_guarded_repair,incumbent_cvar_relaxed_source_lp,159706782,126409482,1000.0,1000.0,-155.33436225993984,-223.9633297987982,68.62896753885838,1116.5225234525171,842400.0,True,True,6.907218559226713e-06,0.8992165242165242,0,,,61361.551131084816,95361.34761305839,True,True,post_v163_one_drop_one_add_whole_loan_swap,post-v163 one-swap pricing only; not multi-swap or global proof,B,C,1,2,3,2,2,3,2019,2018,other,other
v63_source_repair_return_guarded_repair,incumbent_cvar_relaxed_source_lp,146047525,126707528,1000.0,1000.0,-158.0343653049946,-226.37597165812684,68.34160635313225,1116.235162266791,842400.0,True,True,6.907218559226713e-06,0.8992165242165242,0,,,61376.54841726095,95412.74271319983,True,True,post_v163_one_drop_one_add_whole_loan_swap,post-v163 one-swap pricing only; not multi-swap or global proof,E,E,2,3,4,1,0,0,2019,2018,MD,other
v63_source_repair_return_guarded_repair,incumbent_cvar_relaxed_source_lp,143080063,126409482,1000.0,1000.0,-156.12567534075419,-223.9633297987982,67.83765445804403,1115.7312103717027,842400.0,True,True,6.907218559226713e-06,0.8992165242165242,0,,,61465.18780637806,95523.37591658639,True,True,post_v163_one_drop_one_add_whole_loan_swap,post-v163 one-swap pricing only; not multi-swap or global proof,E,C,2,2,1,2,0,3,2018,2018,TX,other
v63_source_repair_return_guarded_repair,incumbent_cvar_relaxed_source_lp,153939446,126707528,1000.0,1000.0,-158.5530158334477,-226.37597165812684,67.82295582467916,1115.7165117383379,842400.0,True,True,6.907218559226713e-06,0.8992165242165242,0,,,61403.417282546085,95369.23095503094,True,True,post_v163_one_drop_one_add_whole_loan_swap,post-v163 one-swap pricing only; not multi-swap or global proof,D,E,3,3,0,1,4,0,2019,2018,other,other
v63_source_repair_return_guarded_repair,incumbent_cvar_relaxed_source_lp,137380434,126409482,1000.0,1000.0,-156.95404774473053,-223.9633297987982,67.00928205406768,1114.9028379677263,842400.0,True,True,6.907218559226713e-06,0.8992165242165242,0,,,61485.76659806298,95540.10741080364,True,True,post_v163_one_drop_one_add_whole_loan_swap,post-v163 one-swap pricing only; not multi-swap or global proof,E,C,2,2,2,2,3,3,2018,2018,VA,other
v63_source_repair_return_guarded_repair,incumbent_cvar_relaxed_source_lp,136288831,126707528,1000.0,1000.0,-159.91299271774713,-226.37597165812684,66.46297894037971,1114.3565348540385,842400.0,True,True,6.907218559226713e-06,0.8992165242165242,0,,,61324.12899983289,95320.90613973343,True,True,post_v163_one_drop_one_add_whole_loan_swap,post-v163 one-swap pricing only; not multi-swap or global proof,D,E,1,3,2,1,3,0,2018,2018,other,other
v63_source_repair_return_guarded_repair,incumbent_cvar_relaxed_source_lp,161494495,169887690,1000.0,1000.0,-154.69251192380827,-221.11264407259083,66.42013214878256,1114.3136880624413,842400.0,True,True,6.907218559226713e-06,0.8992165242165242,0,,,61529.284233248996,95537.24083658388,True,True,post_v163_one_drop_one_add_whole_loan_swap,post-v163 one-swap pricing only; not multi-swap or global proof,D,B,3,1,3,0,2,3,2019,2020,CA,other
v63_source_repair_return_guarded_repair,incumbent_cvar_relaxed_source_lp,144038628,169887690,1000.0,1000.0,-154.87510766035297,-221.11264407259083,66.23753641223786,1114.1310923258966,842400.0,True,True,6.907218559226713e-06,0.8992165242165242,0,,,61483.43666663088,95545.90240586203,True,True,post_v163_one_drop_one_add_whole_loan_swap,post-v163 one-swap pricing only; not multi-swap or global proof,E,B,2,1,3,0,1,3,2018,2020,IL,other
v63_source_repair_return_guarded_repair,incumbent_cvar_relaxed_source_lp,146047525,126409482,1000.0,1000.0,-158.0343653049946,-223.9633297987982,65.92896449380362,1113.8225204074624,842400.0,True,True,6.907218559226713e-06,0.8992165242165242,0,,,61496.698055166766,95566.0519506172,True,True,post_v163_one_drop_one_add_whole_loan_swap,post-v163 one-swap pricing only; not multi-swap or global proof,E,C,2,2,4,2,0,3,2019,2018,MD,other
v63_source_repair_return_guarded_repair,incumbent_cvar_relaxed_source_lp,159706782,169887690,1000.0,1000.0,-155.33436225993984,-221.11264407259083,65.77828181265099,1113.6718377263096,842400.0,True,True,6.907218559226713e-06,0.8992165242165242,0,,,61371.20603331592,95372.29788345155,True,True,post_v163_one_drop_one_add_whole_loan_swap,post-v163 one-swap pricing only; not multi-swap or global proof,B,B,1,1,3,0,2,3,2019,2020,other,other
v63_source_repair_return_guarded_repair,incumbent_cvar_relaxed_source_lp,162605401,126707528,1000.0,1000.0,-160.8152043628769,-226.37597165812684,65.56076729524995,1113.4543232089086,842400.0,True,True,6.907218559226713e-06,0.8992165242165242,0,,,61405.720073194476,95376.68706860853,True,True,post_v163_one_drop_one_add_whole_loan_swap,post-v163 one-swap pricing only; not multi-swap or global proof,D,E,3,3,2,1,1,0,2019,2018,MD,other
v63_source_repair_return_guarded_repair,incumbent_cvar_relaxed_source_lp,141017853,126707528,1000.0,1000.0,-160.86500878453754,-226.37597165812684,65.5109628735893,1113.404518787248,842400.0,True,True,6.907218559226713e-06,0.8992165242165242,0,,,61359.706439774825,95375.87584307844,True,True,post_v163_one_drop_one_add_whole_loan_swap,post-v163 one-swap pricing only; not multi-swap or global proof,E,E,2,3,4,1,0,0,2018,2018,VA,other
v63_source_repair_return_guarded_repair,incumbent_cvar_relaxed_source_lp,153939446,126409482,1000.0,1000.0,-158.5530158334477,-223.9633297987982,65.41031396535053,1113.3038698790092,842400.0,True,True,6.907218559226713e-06,0.8992165242165242,0,,,61523.56692045189,95522.54019244832,True,True,post_v163_one_drop_one_add_whole_loan_swap,post-v163 one-swap pricing only; not multi-swap or global proof,D,C,3,2,0,2,4,3,2019,2018,other,other
v63_source_repair_return_guarded_repair,incumbent_cvar_relaxed_source_lp,143080063,169887690,1000.0,1000.0,-156.12567534075419,-221.11264407259083,64.98696873183664,1112.8805246454954,842400.0,True,True,6.907218559226713e-06,0.8992165242165242,0,,,61474.84270860916,95534.32618697952,True,True,post_v163_one_drop_one_add_whole_loan_swap,post-v163 one-swap pricing only; not multi-swap or global proof,E,B,2,1,1,0,0,3,2018,2020,TX,other
v63_source_repair_return_guarded_repair,incumbent_cvar_relaxed_source_lp,140620222,126707528,1000.0,1000.0,-161.9757189883544,-226.37597165812684,64.40025266977244,1112.2938085834312,842400.0,True,True,6.907218559226713e-06,0.8992165242165242,0,,,61350.971630052445,95364.38814939822,True,True,post_v163_one_drop_one_add_whole_loan_swap,post-v163 one-swap pricing only; not multi-swap or global proof,E,E,2,3,2,1,0,0,2018,2018,FL,other
v63_source_repair_return_guarded_repair,incumbent_cvar_relaxed_source_lp,137380434,169887690,1000.0,1000.0,-156.95404774473053,-221.11264407259083,64.1585963278603,1112.052152241519,842400.0,True,True,6.907218559226713e-06,0.8992165242165242,0,,,61495.42150029409,95551.05768119678,True,True,post_v163_one_drop_one_add_whole_loan_swap,post-v163 one-swap pricing only; not multi-swap or global proof,E,B,2,1,2,0,3,3,2018,2020,VA,other
v63_source_repair_return_guarded_repair,incumbent_cvar_relaxed_source_lp,136288831,126409482,1000.0,1000.0,-159.91299271774713,-223.9633297987982,64.05033708105108,1111.9438929947098,842400.0,True,True,6.907218559226713e-06,0.8992165242165242,0,,,61444.2786377387,95474.2153771508,True,True,post_v163_one_drop_one_add_whole_loan_swap,post-v163 one-swap pricing only; not multi-swap or global proof,D,C,1,2,2,2,3,3,2018,2018,other,other
v63_source_repair_return_guarded_repair,incumbent_cvar_relaxed_source_lp,128448205,127676286,1700.0,1700.0,-220.15662915625964,-284.013668738137,63.85703958187739,1111.7505954955361,842400.0,True,True,6.907218559226713e-06,0.8992165242165242,0,,,61392.81247267725,95369.36881300565,True,True,post_v163_one_drop_one_add_whole_loan_swap,post-v163 one-swap pricing only; not multi-swap or global proof,B,B,0,0,1,4,1,1,2018,2018,NC,NV
v63_source_repair_return_guarded_repair,incumbent_cvar_relaxed_source_lp,146058451,126707528,1000.0,1000.0,-162.5963102886178,-226.37597165812684,63.77966136950906,1111.6732172831678,842400.0,True,True,6.907218559226713e-06,0.8992165242165242,0,,,61424.54808875393,95488.0459011953,True,True,post_v163_one_drop_one_add_whole_loan_swap,post-v163 one-swap pricing only; not multi-swap or global proof,F,E,2,3,1,1,2,0,2019,2018,NY,other
v63_source_repair_return_guarded_repair,incumbent_cvar_relaxed_source_lp,162605401,126409482,1000.0,1000.0,-160.8152043628769,-223.9633297987982,63.148125435921315,1111.04168134958,842400.0,True,True,6.907218559226713e-06,0.8992165242165242,0,,,61525.869711100284,95529.99630602592,True,True,post_v163_one_drop_one_add_whole_loan_swap,post-v163 one-swap pricing only; not multi-swap or global proof,D,C,3,2,2,2,1,3,2019,2018,MD,other
v63_source_repair_return_guarded_repair,incumbent_cvar_relaxed_source_lp,141017853,126409482,1000.0,1000.0,-160.86500878453754,-223.9633297987982,63.09832101426068,1110.9918769279193,842400.0,True,True,6.907218559226713e-06,0.8992165242165242,0,,,61479.85607768064,95529.18508049581,True,True,post_v163_one_drop_one_add_whole_loan_swap,post-v163 one-swap pricing only; not multi-swap or global proof,E,C,2,2,4,2,0,3,2018,2018,VA,other
v63_source_repair_return_guarded_repair,incumbent_cvar_relaxed_source_lp,146047525,169887690,1000.0,1000.0,-158.0343653049946,-221.11264407259083,63.07827876759623,1110.971834681255,842400.0,True,True,6.907218559226713e-06,0.8992165242165242,0,,,61506.35295739787,95577.00222101033,True,True,post_v163_one_drop_one_add_whole_loan_swap,post-v163 one-swap pricing only; not multi-swap or global proof,E,B,2,1,4,0,0,3,2019,2020,MD,other
v63_source_repair_return_guarded_repair,incumbent_cvar_relaxed_source_lp,154756272,167713836,1600.0,1500.0,-260.2259489812721,-323.27724824243177,63.05129926115967,1110.9448551748183,842500.0,True,True,0.00010816869840624133,0.8991097922848664,0,,,61432.06097807728,95457.84291220811,True,True,post_v163_one_drop_one_add_whole_loan_swap,post-v163 one-swap pricing only; not multi-swap or global proof,C,C,1,1,2,1,1,4,2019,2020,NC,other
v63_source_repair_return_guarded_repair,incumbent_cvar_relaxed_source_lp,153939446,169887690,1000.0,1000.0,-158.5530158334477,-221.11264407259083,62.55962823914314,1110.453184152802,842400.0,True,True,6.907218559226713e-06,0.8992165242165242,0,,,61533.221822683,95533.49046284148,True,True,post_v163_one_drop_one_add_whole_loan_swap,post-v163 one-swap pricing only; not multi-swap or global proof,D,B,3,1,0,0,4,3,2019,2020,other,other
v63_source_repair_return_guarded_repair,incumbent_cvar_relaxed_source_lp,140620222,126409482,1000.0,1000.0,-161.9757189883544,-223.9633297987982,61.98761081044381,1109.8811667241025,842400.0,True,True,6.907218559226713e-06,0.8992165242165242,0,,,61471.12126795825,95517.6973868156,True,True,post_v163_one_drop_one_add_whole_loan_swap,post-v163 one-swap pricing only; not multi-swap or global proof,E,C,2,2,2,2,0,3,2018,2018,FL,other
v63_source_repair_return_guarded_repair,incumbent_cvar_relaxed_source_lp,146058451,126409482,1000.0,1000.0,-162.5963102886178,-223.9633297987982,61.36701951018043,1109.260575423839,842400.0,True,True,6.907218559226713e-06,0.8992165242165242,0,,,61544.69772665975,95641.35513861268,True,True,post_v163_one_drop_one_add_whole_loan_swap,post-v163 one-swap pricing only; not multi-swap or global proof,F,C,2,2,1,2,2,3,2019,2018,NY,other
v63_source_repair_return_guarded_repair,incumbent_cvar_relaxed_source_lp,136288831,169887690,1000.0,1000.0,-159.91299271774713,-221.11264407259083,61.199651354843695,1109.0932072685023,842400.0,True,True,6.907218559226713e-06,0.8992165242165242,0,,,61453.93353996981,95485.16564754397,True,True,post_v163_one_drop_one_add_whole_loan_swap,post-v163 one-swap pricing only; not multi-swap or global proof,D,B,1,1,2,0,3,3,2018,2020,other,other
v63_source_repair_return_guarded_repair,incumbent_cvar_relaxed_source_lp,140230494,126707528,1125.0,1000.0,-165.35979237983094,-226.37597165812684,61.01617927829591,1108.9097351919545,842525.0,True,True,0.00013348031248983094,0.8990831132607341,0,,,61354.89489884302,95369.78511537696,True,True,post_v163_one_drop_one_add_whole_loan_swap,post-v163 one-swap pricing only; not multi-swap or global proof,D,E,1,3,1,1,1,0,2018,2018,other,other
v63_source_repair_return_guarded_repair,incumbent_cvar_relaxed_source_lp,162605401,169887690,1000.0,1000.0,-160.8152043628769,-221.11264407259083,60.29743970971393,1108.1909956233726,842400.0,True,True,6.907218559226713e-06,0.8992165242165242,0,,,61535.52461333139,95540.94657641907,True,True,post_v163_one_drop_one_add_whole_loan_swap,post-v163 one-swap pricing only; not multi-swap or global proof,D,B,3,1,2,0,1,3,2019,2020,MD,other
v63_source_repair_return_guarded_repair,incumbent_cvar_relaxed_source_lp,138239745,126707528,1000.0,1000.0,-166.10731042945866,-226.37597165812684,60.26866122866818,1108.1622171423269,842400.0,True,True,6.907218559226713e-06,0.8992165242165242,0,,,61256.500118877244,95201.97029120752,True,True,post_v163_one_drop_one_add_whole_loan_swap,post-v163 one-swap pricing only; not multi-swap or global proof,C,E,1,3,4,1,2,0,2018,2018,MI,other
v63_source_repair_return_guarded_repair,incumbent_cvar_relaxed_source_lp,141017853,169887690,1000.0,1000.0,-160.86500878453754,-221.11264407259083,60.24763528805329,1108.141191201712,842400.0,True,True,6.907218559226713e-06,0.8992165242165242,0,,,61489.51097991175,95540.13535088896,True,True,post_v163_one_drop_one_add_whole_loan_swap,post-v163 one-swap pricing only; not multi-swap or global proof,E,B,2,1,4,0,0,3,2018,2020,VA,other
v63_source_repair_return_guarded_repair,incumbent_cvar_relaxed_source_lp,154756272,126620912,1600.0,1500.0,-260.2259489812721,-319.768173516142,59.54222453486989,1107.4357804485285,842500.0,True,True,0.00010816869840624133,0.8991097922848664,0,,,61515.50830875036,95607.57785420794,True,True,post_v163_one_drop_one_add_whole_loan_swap,post-v163 one-swap pricing only; not multi-swap or global proof,C,B,1,1,2,0,1,0,2019,2018,NC,other
v63_source_repair_return_guarded_repair,incumbent_cvar_relaxed_source_lp,141665611,167713836,1600.0,1500.0,-264.10266005877247,-323.27724824243177,59.174588183659296,1107.068144097318,842500.0,True,True,0.00010816869840624133,0.8991097922848664,0,,,61391.644591547025,95407.9595595609,True,True,post_v163_one_drop_one_add_whole_loan_swap,post-v163 one-swap pricing only; not multi-swap or global proof,C,C,1,1,2,1,1,4,2018,2020,other,other
v63_source_repair_return_guarded_repair,incumbent_cvar_relaxed_source_lp,140620222,169887690,1000.0,1000.0,-161.9757189883544,-221.11264407259083,59.136925084236424,1107.0304809978952,842400.0,True,True,6.907218559226713e-06,0.8992165242165242,0,,,61480.77617018936,95528.64765720874,True,True,post_v163_one_drop_one_add_whole_loan_swap,post-v163 one-swap pricing only; not multi-swap or global proof,E,B,2,1,2,0,0,3,2018,2020,FL,other
v63_source_repair_return_guarded_repair,incumbent_cvar_relaxed_source_lp,164456389,167137941,3000.0,3000.0,-386.4700038281736,-445.1753118629482,58.70530803477459,1106.5988639484333,842400.0,True,True,6.907218559226713e-06,0.8956552706552706,0,,,61942.03382862013,96075.73310010415,True,True,post_v163_one_drop_one_add_whole_loan_swap,post-v163 one-swap pricing only; not multi-swap or global proof,D,B,2,0,4,2,2,0,2020,2020,CA,CA
v63_source_repair_return_guarded_repair,incumbent_cvar_relaxed_source_lp,140230494,126409482,1125.0,1000.0,-165.35979237983094,-223.9633297987982,58.60353741896728,1106.497093332626,842525.0,True,True,0.00013348031248983094,0.8990831132607341,0,,,61475.044536748836,95523.09435279433,True,True,post_v163_one_drop_one_add_whole_loan_swap,post-v163 one-swap pricing only; not multi-swap or global proof,D,C,1,2,1,2,1,3,2018,2018,other,other
v63_source_repair_return_guarded_repair,incumbent_cvar_relaxed_source_lp,146058451,169887690,1000.0,1000.0,-162.5963102886178,-221.11264407259083,58.51633378397304,1106.4098896976318,842400.0,True,True,6.907218559226713e-06,0.8992165242165242,0,,,61554.35262889086,95652.30540900584,True,True,post_v163_one_drop_one_add_whole_loan_swap,post-v163 one-swap pricing only; not multi-swap or global proof,F,B,2,1,1,0,2,3,2019,2020,NY,other
v63_source_repair_return_guarded_repair,incumbent_cvar_relaxed_source_lp,142970101,126416707,1000.0,1000.0,-129.33776065997006,-187.69320294656202,58.355442286591966,1106.2489982002508,842400.0,True,True,6.907218559226713e-06,0.8992165242165242,0,,,61405.00088831971,95401.336898482,True,True,post_v163_one_drop_one_add_whole_loan_swap,post-v163 one-swap pricing only; not multi-swap or global proof,B,B,0,0,4,1,0,1,2018,2018,IL,CA
v63_source_repair_return_guarded_repair,incumbent_cvar_relaxed_source_lp,162083390,126707528,1000.0,1000.0,-168.4682188833758,-226.37597165812684,57.90775277475103,1105.8013086884098,842400.0,True,True,6.907218559226713e-06,0.8992165242165242,0,,,61301.659958432916,95282.40716144987,True,True,post_v163_one_drop_one_add_whole_loan_swap,post-v163 one-swap pricing only; not multi-swap or global proof,C,E,1,3,2,1,1,0,2019,2018,other,other
v63_source_repair_return_guarded_repair,incumbent_cvar_relaxed_source_lp,138239745,126409482,1000.0,1000.0,-166.10731042945866,-223.9633297987982,57.85601936933955,1105.7495752829982,842400.0,True,True,6.907218559226713e-06,0.8992165242165242,0,,,61376.64975678306,95355.27952862487,True,True,post_v163_one_drop_one_add_whole_loan_swap,post-v163 one-swap pricing only; not multi-swap or global proof,C,C,1,2,4,2,2,3,2018,2018,MI,other
v63_source_repair_return_guarded_repair,incumbent_cvar_relaxed_source_lp,138631135,126707528,1000.0,1000.0,-168.68250574568688,-226.37597165812684,57.69346591243996,1105.5870218260986,842400.0,True,True,6.907218559226713e-06,0.8992165242165242,0,,,61377.49830718673,95379.73351762265,True,True,post_v163_one_drop_one_add_whole_loan_swap,post-v163 one-swap pricing only; not multi-swap or global proof,E,E,2,3,3,1,0,0,2018,2018,TX,other
v63_source_repair_return_guarded_repair,incumbent_cvar_relaxed_source_lp,142970101,127874931,1000.0,1000.0,-129.33776065997006,-186.9469746106631,57.60921395069303,1105.5027698643516,842400.0,True,True,6.907218559226713e-06,0.8992165242165242,0,,,61405.76598299117,95402.32101671936,True,True,post_v163_one_drop_one_add_whole_loan_swap,post-v163 one-swap pricing only; not multi-swap or global proof,B,B,0,0,4,0,0,0,2018,2018,IL,MN
v63_source_repair_return_guarded_repair,incumbent_cvar_relaxed_source_lp,142970101,126733849,1000.0,1000.0,-129.33776065997006,-186.9469746106631,57.60921395069303,1105.5027698643516,842400.0,True,True,6.907218559226713e-06,0.8992165242165242,0,,,61405.76598299117,95402.32101671936,True,True,post_v163_one_drop_one_add_whole_loan_swap,post-v163 one-swap pricing only; not multi-swap or global proof,B,B,0,0,4,4,0,3,2018,2018,IL,NJ
v63_source_repair_return_guarded_repair,incumbent_cvar_relaxed_source_lp,140861718,126707528,1000.0,1000.0,-168.7891671871381,-226.37597165812684,57.58680447098874,1105.4803603846474,842400.0,True,True,6.907218559226713e-06,0.8992165242165242,0,,,61303.39452823133,95290.42948156518,True,True,post_v163_one_drop_one_add_whole_loan_swap,post-v163 one-swap pricing only; not multi-swap or global proof,D,E,1,3,3,1,4,0,2018,2018,MD,other
v63_source_repair_return_guarded_repair,incumbent_cvar_relaxed_source_lp,161494495,166121358,1000.0,1000.0,-154.69251192380827,-212.03423240595197,57.3417204821437,1105.2352763958024,842400.0,True,True,6.907218559226713e-06,0.8992165242165242,0,,,61511.13354534993,95490.6201268345,True,True,post_v163_one_drop_one_add_whole_loan_swap,post-v163 one-swap pricing only; not multi-swap or global proof,D,C,3,2,3,3,2,0,2019,2020,CA,MD
v63_source_repair_return_guarded_repair,incumbent_cvar_relaxed_source_lp,143384974,126707528,1000.0,1000.0,-169.12746621153562,-226.37597165812684,57.248505446591224,1105.14206136025,842400.0,True,True,6.907218559226713e-06,0.8992165242165242,0,,,61274.534727998616,95251.27418366267,True,True,post_v163_one_drop_one_add_whole_loan_swap,post-v163 one-swap pricing only; not multi-swap or global proof,C,E,1,3,1,1,0,0,2018,2018,NY,other
v63_source_repair_return_guarded_repair,incumbent_cvar_relaxed_source_lp,144038628,166121358,1000.0,1000.0,-154.87510766035297,-212.03423240595197,57.159124745599,1105.0526806592577,842400.0,True,True,6.907218559226713e-06,0.8992165242165242,0,,,61465.2859787318,95499.28169611267,True,True,post_v163_one_drop_one_add_whole_loan_swap,post-v163 one-swap pricing only; not multi-swap or global proof,E,C,2,2,3,3,1,0,2018,2020,IL,MD
v63_source_repair_return_guarded_repair,incumbent_cvar_relaxed_source_lp,161494495,127475725,1000.0,1000.0,-154.69251192380827,-211.8282137432861,57.135701819477845,1105.0292577331365,842400.0,True,True,6.907218559226713e-06,0.8992165242165242,0,,,61537.047018553676,95545.22942722955,True,True,post_v163_one_drop_one_add_whole_loan_swap,post-v163 one-swap pricing only; not multi-swap or global proof,D,C,3,1,3,4,2,0,2019,2018,CA,AZ
v63_source_repair_return_guarded_repair,incumbent_cvar_relaxed_source_lp,144038628,127475725,1000.0,1000.0,-154.87510766035297,-211.8282137432861,56.95310608293315,1104.8466619965918,842400.0,True,True,6.907218559226713e-06,0.8992165242165242,0,,,61491.19945193555,95553.8909965077,True,True,post_v163_one_drop_one_add_whole_loan_swap,post-v163 one-swap pricing only; not multi-swap or global proof,E,C,2,1,3,4,1,0,2018,2018,IL,AZ
v63_source_repair_return_guarded_repair,incumbent_cvar_relaxed_source_lp,159706782,166121358,1000.0,1000.0,-155.33436225993984,-212.03423240595197,56.69987014601213,1104.593426059671,842400.0,True,True,6.907218559226713e-06,0.8992165242165242,0,,,61353.05534541684,95325.67717370215,True,True,post_v163_one_drop_one_add_whole_loan_swap,post-v163 one-swap pricing only; not multi-swap or global proof,B,C,1,2,3,3,2,0,2019,2020,other,MD
v63_source_repair_return_guarded_repair,incumbent_cvar_relaxed_source_lp,159706782,127475725,1000.0,1000.0,-155.33436225993984,-211.8282137432861,56.493851483346276,1104.387407397005,842400.0,True,True,6.907218559226713e-06,0.8992165242165242,0,,,61378.96881862058,95380.28647409721,True,True,post_v163_one_drop_one_add_whole_loan_swap,post-v163 one-swap pricing only; not multi-swap or global proof,B,C,1,1,3,4,2,0,2019,2018,other,AZ
v63_source_repair_return_guarded_repair,incumbent_cvar_relaxed_source_lp,143080063,166121358,1000.0,1000.0,-156.12567534075419,-212.03423240595197,55.90855706519778,1103.8021129788565,842400.0,True,True,6.907218559226713e-06,0.8992165242165242,0,,,61456.69202071009,95487.70547723016,True,True,post_v163_one_drop_one_add_whole_loan_swap,post-v163 one-swap pricing only; not multi-swap or global proof,E,C,2,2,1,3,0,0,2018,2020,TX,MD
v63_source_repair_return_guarded_repair,incumbent_cvar_relaxed_source_lp,140230494,169887690,1125.0,1000.0,-165.35979237983094,-221.11264407259083,55.75285169275989,1103.6464076064185,842525.0,True,True,0.00013348031248983094,0.8990831132607341,0,,,61484.69943897994,95534.0446231875,True,True,post_v163_one_drop_one_add_whole_loan_swap,post-v163 one-swap pricing only; not multi-swap or global proof,D,B,1,1,1,0,1,3,2018,2020,other,other
v63_source_repair_return_guarded_repair,incumbent_cvar_relaxed_source_lp,143080063,127475725,1000.0,1000.0,-156.12567534075419,-211.8282137432861,55.70253840253193,1103.5960943161906,842400.0,True,True,6.907218559226713e-06,0.8992165242165242,0,,,61482.605493913834,95542.3147776252,True,True,post_v163_one_drop_one_add_whole_loan_swap,post-v163 one-swap pricing only; not multi-swap or global proof,E,C,2,1,1,4,0,0,2018,2018,TX,AZ
v63_source_repair_return_guarded_repair,incumbent_cvar_relaxed_source_lp,141665611,126620912,1600.0,1500.0,-264.10266005877247,-319.768173516142,55.665513457369514,1103.5590693710283,842500.0,True,True,0.00010816869840624133,0.8991097922848664,0,,,61475.091922220105,95557.69450156072,True,True,post_v163_one_drop_one_add_whole_loan_swap,post-v163 one-swap pricing only; not multi-swap or global proof,C,B,1,1,2,0,1,0,2018,2018,other,other
v63_source_repair_return_guarded_repair,incumbent_cvar_relaxed_source_lp,143298636,126707528,1000.0,1000.0,-170.8325283420283,-226.37597165812684,55.543443316098546,1103.4369992297572,842400.0,True,True,6.907218559226713e-06,0.8992165242165242,0,,,61295.59627727371,95275.53605154256,True,True,post_v163_one_drop_one_add_whole_loan_swap,post-v163 one-swap pricing only; not multi-swap or global proof,C,E,1,3,1,1,2,0,2018,2018,other,other
v63_source_repair_return_guarded_repair,incumbent_cvar_relaxed_source_lp,143029391,126707528,1000.0,1000.0,-170.8325283420283,-226.37597165812684,55.543443316098546,1103.4369992297572,842400.0,True,True,6.907218559226713e-06,0.8992165242165242,0,,,61295.59627727371,95275.53605154256,True,True,post_v163_one_drop_one_add_whole_loan_swap,post-v163 one-swap pricing only; not multi-swap or global proof,C,E,1,3,2,1,0,0,2018,2018,IL,other
v63_source_repair_return_guarded_repair,incumbent_cvar_relaxed_source_lp,155252343,126707528,1000.0,1000.0,-170.8717026600099,-226.37597165812684,55.50426899811694,1103.3978249117756,842400.0,True,True,6.907218559226713e-06,0.8992165242165242,0,,,61326.16719011555,95335.97383952691,True,True,post_v163_one_drop_one_add_whole_loan_swap,post-v163 one-swap pricing only; not multi-swap or global proof,D,E,2,3,3,1,3,0,2019,2018,other,other
v63_source_repair_return_guarded_repair,incumbent_cvar_relaxed_source_lp,162083390,126409482,1000.0,1000.0,-168.4682188833758,-223.9633297987982,55.4951109154224,1103.388666829081,842400.0,True,True,6.907218559226713e-06,0.8992165242165242,0,,,61421.80959633874,95435.71639886723,True,True,post_v163_one_drop_one_add_whole_loan_swap,post-v163 one-swap pricing only; not multi-swap or global proof,C,C,1,2,2,2,1,3,2019,2018,other,other
v63_source_repair_return_guarded_repair,incumbent_cvar_relaxed_source_lp,154899738,126707528,1000.0,1000.0,-171.01136866654105,-226.37597165812684,55.3646029915858,1103.2581589052445,842400.0,True,True,6.907218559226713e-06,0.8992165242165242,0,,,61257.44021933162,95218.11538412413,True,True,post_v163_one_drop_one_add_whole_loan_swap,post-v163 one-swap pricing only; not multi-swap or global proof,B,E,1,3,0,1,0,0,2019,2018,other,other
v63_source_repair_return_guarded_repair,incumbent_cvar_relaxed_source_lp,138631135,126409482,1000.0,1000.0,-168.68250574568688,-223.9633297987982,55.28082405311133,1103.17437996677,842400.0,True,True,6.907218559226713e-06,0.8992165242165242,0,,,61497.647945092554,95533.04275504,True,True,post_v163_one_drop_one_add_whole_loan_swap,post-v163 one-swap pricing only; not multi-swap or global proof,E,C,2,2,3,2,0,3,2018,2018,TX,other
v63_source_repair_return_guarded_repair,incumbent_cvar_relaxed_source_lp,144016649,167713836,1500.0,1500.0,-268.05191607604837,-323.27724824243177,55.225332166383396,1103.118888080042,842400.0,True,True,6.907218559226713e-06,0.8992165242165242,0,,,61316.73266752243,95280.05930020427,True,True,post_v163_one_drop_one_add_whole_loan_swap,post-v163 one-swap pricing only; not multi-swap or global proof,B,C,1,1,2,1,0,4,2018,2020,other,other
v63_source_repair_return_guarded_repair,incumbent_cvar_relaxed_source_lp,140861718,126409482,1000.0,1000.0,-168.7891671871381,-223.9633297987982,55.17416261166011,1103.067718525319,842400.0,True,True,6.907218559226713e-06,0.8992165242165242,0,,,61423.544166137144,95443.73871898255,True,True,post_v163_one_drop_one_add_whole_loan_swap,post-v163 one-swap pricing only; not multi-swap or global proof,D,C,1,2,3,2,4,3,2018,2018,MD,other
v63_source_repair_return_guarded_repair,incumbent_cvar_relaxed_source_lp,137380434,166121358,1000.0,1000.0,-156.95404774473053,-212.03423240595197,55.08018466122144,1102.9737405748801,842400.0,True,True,6.907218559226713e-06,0.8992165242165242,0,,,61477.27081239502,95504.4369714474,True,True,post_v163_one_drop_one_add_whole_loan_swap,post-v163 one-swap pricing only; not multi-swap or global proof,E,C,2,2,2,3,3,0,2018,2020,VA,MD
v63_source_repair_return_guarded_repair,incumbent_cvar_relaxed_source_lp,138239745,169887690,1000.0,1000.0,-166.10731042945866,-221.11264407259083,55.00533364313216,1102.898889556791,842400.0,True,True,6.907218559226713e-06,0.8992165242165242,0,,,61386.30465901417,95366.22979901802,True,True,post_v163_one_drop_one_add_whole_loan_swap,post-v163 one-swap pricing only; not multi-swap or global proof,C,B,1,1,4,0,2,3,2018,2020,MI,other
v63_source_repair_return_guarded_repair,incumbent_cvar_relaxed_source_lp,142547301,126707528,1000.0,1000.0,-171.39694085680853,-226.37597165812684,54.979030801318316,1102.872586714977,842400.0,True,True,6.907218559226713e-06,0.8992165242165242,0,,,61350.72322195294,95358.17566190785,True,True,post_v163_one_drop_one_add_whole_loan_swap,post-v163 one-swap pricing only; not multi-swap or global proof,D,E,2,3,2,1,2,0,2018,2018,MN,other
v63_source_repair_return_guarded_repair,incumbent_cvar_relaxed_source_lp,137380434,127475725,1000.0,1000.0,-156.95404774473053,-211.8282137432861,54.87416599855558,1102.7677219122143,842400.0,True,True,6.907218559226713e-06,0.8992165242165242,0,,,61503.18428559876,95559.04627184245,True,True,post_v163_one_drop_one_add_whole_loan_swap,post-v163 one-swap pricing only; not multi-swap or global proof,E,C,2,1,2,4,3,0,2018,2018,VA,AZ
v63_source_repair_return_guarded_repair,incumbent_cvar_relaxed_source_lp,143384974,126409482,1000.0,1000.0,-169.12746621153562,-223.9633297987982,54.835863587262594,1102.7294195009213,842400.0,True,True,6.907218559226713e-06,0.8992165242165242,0,,,61394.68436590443,95404.58342108001,True,True,post_v163_one_drop_one_add_whole_loan_swap,post-v163 one-swap pricing only; not multi-swap or global proof,C,C,1,2,1,2,0,3,2018,2018,NY,other
v63_source_repair_return_guarded_repair,incumbent_cvar_relaxed_source_lp,137677350,126707528,1000.0,1000.0,-171.87891215652908,-226.37597165812684,54.49705950159776,1102.3906154152564,842400.0,True,True,6.907218559226713e-06,0.8992165242165242,0,,,61424.256954636585,95476.59294422645,True,True,post_v163_one_drop_one_add_whole_loan_swap,post-v163 one-swap pricing only; not multi-swap or global proof,F,E,2,3,2,1,2,0,2018,2018,WA,other
v63_source_repair_return_guarded_repair,incumbent_cvar_relaxed_source_lp,146047525,166121358,1000.0,1000.0,-158.0343653049946,-212.03423240595197,53.999867100957374,1101.893423014616,842400.0,True,True,6.907218559226713e-06,0.8992165242165242,0,,,61488.2022694988,95530.38151126096,True,True,post_v163_one_drop_one_add_whole_loan_swap,post-v163 one-swap pricing only; not multi-swap or global proof,E,C,2,2,4,3,0,0,2019,2020,MD,MD
v63_source_repair_return_guarded_repair,incumbent_cvar_relaxed_source_lp,146047525,127475725,1000.0,1000.0,-158.0343653049946,-211.8282137432861,53.79384843829152,1101.6874043519501,842400.0,True,True,6.907218559226713e-06,0.8992165242165242,0,,,61514.11574270255,95584.990811656,True,True,post_v163_one_drop_one_add_whole_loan_swap,post-v163 one-swap pricing only; not multi-swap or global proof,E,C,2,1,4,4,0,0,2019,2018,MD,AZ
v63_source_repair_return_guarded_repair,incumbent_cvar_relaxed_source_lp,153939446,166121358,1000.0,1000.0,-158.5530158334477,-212.03423240595197,53.48121657250428,1101.374772486163,842400.0,True,True,6.907218559226713e-06,0.8992165242165242,0,,,61515.071134783924,95486.86975309209,True,True,post_v163_one_drop_one_add_whole_loan_swap,post-v163 one-swap pricing only; not multi-swap or global proof,D,C,3,2,0,3,4,0,2019,2020,other,MD
v63_source_repair_return_guarded_repair,incumbent_cvar_relaxed_source_lp,153939446,127475725,1000.0,1000.0,-158.5530158334477,-211.8282137432861,53.275197909838425,1101.1687538234971,842400.0,True,True,6.907218559226713e-06,0.8992165242165242,0,,,61540.98460798767,95541.47905348714,True,True,post_v163_one_drop_one_add_whole_loan_swap,post-v163 one-swap pricing only; not multi-swap or global proof,D,C,3,1,0,4,4,0,2019,2018,other,AZ
v63_source_repair_return_guarded_repair,incumbent_cvar_relaxed_source_lp,143298636,126409482,1000.0,1000.0,-170.8325283420283,-223.9633297987982,53.130801456769916,1101.0243573704286,842400.0,True,True,6.907218559226713e-06,0.8992165242165242,0,,,61415.74591517952,95428.8452889599,True,True,post_v163_one_drop_one_add_whole_loan_swap,post-v163 one-swap pricing only; not multi-swap or global proof,C,C,1,2,1,2,2,3,2018,2018,other,other
v63_source_repair_return_guarded_repair,incumbent_cvar_relaxed_source_lp,143029391,126409482,1000.0,1000.0,-170.8325283420283,-223.9633297987982,53.130801456769916,1101.0243573704286,842400.0,True,True,6.907218559226713e-06,0.8992165242165242,0,,,61415.74591517952,95428.8452889599,True,True,post_v163_one_drop_one_add_whole_loan_swap,post-v163 one-swap pricing only; not multi-swap or global proof,C,C,1,2,2,2,0,3,2018,2018,IL,other
v63_source_repair_return_guarded_repair,incumbent_cvar_relaxed_source_lp,155252343,126409482,1000.0,1000.0,-170.8717026600099,-223.9633297987982,53.09162713878831,1100.985183052447,842400.0,True,True,6.907218559226713e-06,0.8992165242165242,0,,,61446.316828021365,95489.28307694427,True,True,post_v163_one_drop_one_add_whole_loan_swap,post-v163 one-swap pricing only; not multi-swap or global proof,D,C,2,2,3,2,3,3,2019,2018,other,other
v63_source_repair_return_guarded_repair,incumbent_cvar_relaxed_source_lp,154899738,126409482,1000.0,1000.0,-171.01136866654105,-223.9633297987982,52.95196113225717,1100.8455170459158,842400.0,True,True,6.907218559226713e-06,0.8992165242165242,0,,,61377.58985723743,95371.4246215415,True,True,post_v163_one_drop_one_add_whole_loan_swap,post-v163 one-swap pricing only; not multi-swap or global proof,B,C,1,2,0,2,0,3,2019,2018,other,other
v63_source_repair_return_guarded_repair,incumbent_cvar_relaxed_source_lp,162083390,169887690,1000.0,1000.0,-168.4682188833758,-221.11264407259083,52.64442518921501,1100.5379811028738,842400.0,True,True,6.907218559226713e-06,0.8992165242165242,0,,,61431.46449856984,95446.66666926039,True,True,post_v163_one_drop_one_add_whole_loan_swap,post-v163 one-swap pricing only; not multi-swap or global proof,C,B,1,1,2,0,1,3,2019,2020,other,other
v63_source_repair_return_guarded_repair,incumbent_cvar_relaxed_source_lp,136916643,126707528,1000.0,1000.0,-173.75965426338382,-226.37597165812684,52.61631739474302,1100.5098733084017,842400.0,True,True,6.907218559226713e-06,0.8992165242165242,0,,,61392.57455460139,95420.35601765911,True,True,post_v163_one_drop_one_add_whole_loan_swap,post-v163 one-swap pricing only; not multi-swap or global proof,E,E,2,3,3,1,1,0,2018,2018,PA,other
v63_source_repair_return_guarded_repair,incumbent_cvar_relaxed_source_lp,142547301,126409482,1000.0,1000.0,-171.39694085680853,-223.9633297987982,52.566388941989686,1100.4599448556485,842400.0,True,True,6.907218559226713e-06,0.8992165242165242,0,,,61470.87285985875,95511.48489932521,True,True,post_v163_one_drop_one_add_whole_loan_swap,post-v163 one-swap pricing only; not multi-swap or global proof,D,C,2,2,2,2,2,3,2018,2018,MN,other
v63_source_repair_return_guarded_repair,incumbent_cvar_relaxed_source_lp,138631135,169887690,1000.0,1000.0,-168.68250574568688,-221.11264407259083,52.43013832690394,1100.3236942405626,842400.0,True,True,6.907218559226713e-06,0.8992165242165242,0,,,61507.30284732365,95543.99302543317,True,True,post_v163_one_drop_one_add_whole_loan_swap,post-v163 one-swap pricing only; not multi-swap or global proof,E,B,2,1,3,0,0,3,2018,2020,TX,other
v63_source_repair_return_guarded_repair,incumbent_cvar_relaxed_source_lp,140861718,169887690,1000.0,1000.0,-168.7891671871381,-221.11264407259083,52.32347688545272,1100.2170327991114,842400.0,True,True,6.907218559226713e-06,0.8992165242165242,0,,,61433.199068368245,95454.68898937572,True,True,post_v163_one_drop_one_add_whole_loan_swap,post-v163 one-swap pricing only; not multi-swap or global proof,D,B,1,1,3,0,4,3,2018,2020,MD,other
v63_source_repair_return_guarded_repair,incumbent_cvar_relaxed_source_lp,161494495,126652025,1000.0,1000.0,-154.69251192380827,-206.92821374328602,52.235701819477754,1100.1292577331365,842400.0,True,True,6.907218559226713e-06,0.8992165242165242,0,,,61537.047018553676,95545.22942722955,True,True,post_v163_one_drop_one_add_whole_loan_swap,post-v163 one-swap pricing only; not multi-swap or global proof,D,C,3,1,3,3,2,1,2019,2018,CA,FL
v63_source_repair_return_guarded_repair,incumbent_cvar_relaxed_source_lp,136288831,166121358,1000.0,1000.0,-159.91299271774713,-212.03423240595197,52.12123968820484,1100.0147956018636,842400.0,True,True,6.907218559226713e-06,0.8992165242165242,0,,,61435.78285207074,95438.54493779458,True,True,post_v163_one_drop_one_add_whole_loan_swap,post-v163 one-swap pricing only; not multi-swap or global proof,D,C,1,2,2,3,3,0,2018,2020,other,MD
v63_source_repair_return_guarded_repair,incumbent_cvar_relaxed_source_lp,137677350,126409482,1000.0,1000.0,-171.87891215652908,-223.9633297987982,52.08441764226913,1099.9779735559277,842400.0,True,True,6.907218559226713e-06,0.8992165242165242,0,,,61544.4065925424,95629.90218164383,True,True,post_v163_one_drop_one_add_whole_loan_swap,post-v163 one-swap pricing only; not multi-swap or global proof,F,C,2,2,2,2,2,3,2018,2018,WA,other
v63_source_repair_return_guarded_repair,incumbent_cvar_relaxed_source_lp,144038628,126652025,1000.0,1000.0,-154.87510766035297,-206.92821374328602,52.053106082933056,1099.9466619965917,842400.0,True,True,6.907218559226713e-06,0.8992165242165242,0,,,61491.19945193555,95553.8909965077,True,True,post_v163_one_drop_one_add_whole_loan_swap,post-v163 one-swap pricing only; not multi-swap or global proof,E,C,2,1,3,3,1,1,2018,2018,IL,FL
v63_source_repair_return_guarded_repair,incumbent_cvar_relaxed_source_lp,143384974,169887690,1000.0,1000.0,-169.12746621153562,-221.11264407259083,51.985177861055206,1099.878733774714,842400.0,True,True,6.907218559226713e-06,0.8992165242165242,0,,,61404.33926813553,95415.53369147317,True,True,post_v163_one_drop_one_add_whole_loan_swap,post-v163 one-swap pricing only; not multi-swap or global proof,C,B,1,1,1,0,0,3,2018,2020,NY,other
v63_source_repair_return_guarded_repair,incumbent_cvar_relaxed_source_lp,136288831,127475725,1000.0,1000.0,-159.91299271774713,-211.8282137432861,51.91522102553898,1099.8087769391977,842400.0,True,True,6.907218559226713e-06,0.8992165242165242,0,,,61461.696325274475,95493.15423818963,True,True,post_v163_one_drop_one_add_whole_loan_swap,post-v163 one-swap pricing only; not multi-swap or global proof,D,C,1,1,2,4,3,0,2018,2018,other,AZ
v63_source_repair_return_guarded_repair,incumbent_cvar_relaxed_source_lp,144016649,126620912,1500.0,1500.0,-268.05191607604837,-319.768173516142,51.716257440093614,1099.6098133537523,842400.0,True,True,6.907218559226713e-06,0.8992165242165242,0,,,61400.179998195505,95429.7942422041,True,True,post_v163_one_drop_one_add_whole_loan_swap,post-v163 one-swap pricing only; not multi-swap or global proof,B,B,1,1,2,0,0,0,2018,2018,other,other
v63_source_repair_return_guarded_repair,incumbent_cvar_relaxed_source_lp,159706782,126652025,1000.0,1000.0,-155.33436225993984,-206.92821374328602,51.593851483346185,1099.487407397005,842400.0,True,True,6.907218559226713e-06,0.8992165242165242,0,,,61378.96881862058,95380.28647409721,True,True,post_v163_one_drop_one_add_whole_loan_swap,post-v163 one-swap pricing only; not multi-swap or global proof,B,C,1,1,3,3,2,1,2019,2018,other,FL
v63_source_repair_return_guarded_repair,incumbent_cvar_relaxed_source_lp,162605401,166121358,1000.0,1000.0,-160.8152043628769,-212.03423240595197,51.21902804307507,1099.1125839567337,842400.0,True,True,6.907218559226713e-06,0.8992165242165242,0,,,61517.373925432315,95494.32586666971,True,True,post_v163_one_drop_one_add_whole_loan_swap,post-v163 one-swap pricing only; not multi-swap or global proof,D,C,3,2,2,3,1,0,2019,2020,MD,MD
v63_source_repair_return_guarded_repair,incumbent_cvar_relaxed_source_lp,141017853,166121358,1000.0,1000.0,-160.86500878453754,-212.03423240595197,51.16922362141443,1099.062779535073,842400.0,True,True,6.907218559226713e-06,0.8992165242165242,0,,,61471.36029201267,95493.5146411396,True,True,post_v163_one_drop_one_add_whole_loan_swap,post-v163 one-swap pricing only; not multi-swap or global proof,E,C,2,2,4,3,0,0,2018,2020,VA,MD
v63_source_repair_return_guarded_repair,incumbent_cvar_relaxed_source_lp,162605401,127475725,1000.0,1000.0,-160.8152043628769,-211.8282137432861,51.013009380409216,1098.9065652940678,842400.0,True,True,6.907218559226713e-06,0.8992165242165242,0,,,61543.287398636065,95548.93516706474,True,True,post_v163_one_drop_one_add_whole_loan_swap,post-v163 one-swap pricing only; not multi-swap or global proof,D,C,3,1,2,4,1,0,2019,2018,MD,AZ
v63_source_repair_return_guarded_repair,incumbent_cvar_relaxed_source_lp,141017853,127475725,1000.0,1000.0,-160.86500878453754,-211.8282137432861,50.96320495874858,1098.8567608724072,842400.0,True,True,6.907218559226713e-06,0.8992165242165242,0,,,61497.273765216414,95548.12394153465,True,True,post_v163_one_drop_one_add_whole_loan_swap,post-v163 one-swap pricing only; not multi-swap or global proof,E,C,2,1,4,4,0,0,2018,2018,VA,AZ
v63_source_repair_return_guarded_repair,incumbent_cvar_relaxed_source_lp,161494495,127582382,1000.0,1000.0,-154.69251192380827,-205.52183833714096,50.829326413332694,1098.7228823269913,842400.0,True,True,6.907218559226713e-06,0.8992165242165242,0,,,61479.06296437516,95466.89749298005,True,True,post_v163_one_drop_one_add_whole_loan_swap,post-v163 one-swap pricing only; not multi-swap or global proof,D,D,3,2,3,3,2,0,2019,2018,CA,CA
v63_source_repair_return_guarded_repair,incumbent_cvar_relaxed_source_lp,143080063,126652025,1000.0,1000.0,-156.12567534075419,-206.92821374328602,50.80253840253184,1098.6960943161905,842400.0,True,True,6.907218559226713e-06,0.8992165242165242,0,,,61482.605493913834,95542.3147776252,True,True,post_v163_one_drop_one_add_whole_loan_swap,post-v163 one-swap pricing only; not multi-swap or global proof,E,C,2,1,1,3,0,1,2018,2018,TX,FL
v63_source_repair_return_guarded_repair,incumbent_cvar_relaxed_source_lp,144038628,127582382,1000.0,1000.0,-154.87510766035297,-205.52183833714096,50.646730676787996,1098.5402865904466,842400.0,True,True,6.907218559226713e-06,0.8992165242165242,0,,,61433.21539775704,95475.5590622582,True,True,post_v163_one_drop_one_add_whole_loan_swap,post-v163 one-swap pricing only; not multi-swap or global proof,E,D,2,2,3,3,1,0,2018,2018,IL,CA
v63_source_repair_return_guarded_repair,incumbent_cvar_relaxed_source_lp,143298636,169887690,1000.0,1000.0,-170.8325283420283,-221.11264407259083,50.28011573056253,1098.1736716442213,842400.0,True,True,6.907218559226713e-06,0.8992165242165242,0,,,61425.400817410635,95439.79555935306,True,True,post_v163_one_drop_one_add_whole_loan_swap,post-v163 one-swap pricing only; not multi-swap or global proof,C,B,1,1,1,0,2,3,2018,2020,other,other
v63_source_repair_return_guarded_repair,incumbent_cvar_relaxed_source_lp,143029391,169887690,1000.0,1000.0,-170.8325283420283,-221.11264407259083,50.28011573056253,1098.1736716442213,842400.0,True,True,6.907218559226713e-06,0.8992165242165242,0,,,61425.400817410635,95439.79555935306,True,True,post_v163_one_drop_one_add_whole_loan_swap,post-v163 one-swap pricing only; not multi-swap or global proof,C,B,1,1,2,0,0,3,2018,2020,IL,other
v63_source_repair_return_guarded_repair,incumbent_cvar_relaxed_source_lp,155252343,169887690,1000.0,1000.0,-170.8717026600099,-221.11264407259083,50.24094141258092,1098.1344973262396,842400.0,True,True,6.907218559226713e-06,0.8992165242165242,0,,,61455.97173025247,95500.2333473374,True,True,post_v163_one_drop_one_add_whole_loan_swap,post-v163 one-swap pricing only; not multi-swap or global proof,D,B,2,1,3,0,3,3,2019,2020,other,other
v63_source_repair_return_guarded_repair,incumbent_cvar_relaxed_source_lp,136916643,126409482,1000.0,1000.0,-173.75965426338382,-223.9633297987982,50.20367553541439,1098.0972314490732,842400.0,True,True,6.907218559226713e-06,0.8992165242165242,0,,,61512.7241925072,95573.66525507648,True,True,post_v163_one_drop_one_add_whole_loan_swap,post-v163 one-swap pricing only; not multi-swap or global proof,E,C,2,2,3,2,1,3,2018,2018,PA,other
v63_source_repair_return_guarded_repair,incumbent_cvar_relaxed_source_lp,159706782,127582382,1000.0,1000.0,-155.33436225993984,-205.52183833714096,50.187476077201126,1098.0810319908599,842400.0,True,True,6.907218559226713e-06,0.8992165242165242,0,,,61320.98476444208,95301.95453984772,True,True,post_v163_one_drop_one_add_whole_loan_swap,post-v163 one-swap pricing only; not multi-swap or global proof,B,D,1,2,3,3,2,0,2019,2018,other,CA
v63_source_repair_return_guarded_repair,incumbent_cvar_relaxed_source_lp,154756272,127011905,1600.0,1500.0,-260.2259489812721,-310.3923206149292,50.16637163365709,1098.0599275473157,842500.0,True,True,0.00010816869840624133,0.8991097922848664,0,,,61462.817168648544,95532.64887641613,True,True,post_v163_one_drop_one_add_whole_loan_swap,post-v163 one-swap pricing only; not multi-swap or global proof,C,C,1,1,2,2,1,2,2019,2018,NC,other
v63_source_repair_return_guarded_repair,incumbent_cvar_relaxed_source_lp,154899738,169887690,1000.0,1000.0,-171.01136866654105,-221.11264407259083,50.10127540604978,1097.9948313197085,842400.0,True,True,6.907218559226713e-06,0.8992165242165242,0,,,61387.244759468536,95382.37489193465,True,True,post_v163_one_drop_one_add_whole_loan_swap,post-v163 one-swap pricing only; not multi-swap or global proof,B,B,1,1,0,0,0,3,2019,2020,other,other
v63_source_repair_return_guarded_repair,incumbent_cvar_relaxed_source_lp,140620222,166121358,1000.0,1000.0,-161.9757189883544,-212.03423240595197,50.05851341759757,1097.9520693312563,842400.0,True,True,6.907218559226713e-06,0.8992165242165242,0,,,61462.625482290285,95482.02694745938,True,True,post_v163_one_drop_one_add_whole_loan_swap,post-v163 one-swap pricing only; not multi-swap or global proof,E,C,2,2,2,3,0,0,2018,2020,FL,MD
v63_source_repair_return_guarded_repair,incumbent_cvar_relaxed_source_lp,137380434,126652025,1000.0,1000.0,-156.95404774473053,-206.92821374328602,49.97416599855549,1097.8677219122142,842400.0,True,True,6.907218559226713e-06,0.8992165242165242,0,,,61503.18428559876,95559.04627184245,True,True,post_v163_one_drop_one_add_whole_loan_swap,post-v163 one-swap pricing only; not multi-swap or global proof,E,C,2,1,2,3,3,1,2018,2018,VA,FL
v63_source_repair_return_guarded_repair,incumbent_cvar_relaxed_source_lp,140620222,127475725,1000.0,1000.0,-161.9757189883544,-211.8282137432861,49.85249475493171,1097.7460506685904,842400.0,True,True,6.907218559226713e-06,0.8992165242165242,0,,,61488.53895549402,95536.63624785443,True,True,post_v163_one_drop_one_add_whole_loan_swap,post-v163 one-swap pricing only; not multi-swap or global proof,E,C,2,1,2,4,0,0,2018,2018,FL,AZ
v63_source_repair_return_guarded_repair,incumbent_cvar_relaxed_source_lp,142547301,169887690,1000.0,1000.0,-171.39694085680853,-221.11264407259083,49.7157032157823,1097.609259129441,842400.0,True,True,6.907218559226713e-06,0.8992165242165242,0,,,61480.52776208986,95522.43516971836,True,True,post_v163_one_drop_one_add_whole_loan_swap,post-v163 one-swap pricing only; not multi-swap or global proof,D,B,2,1,2,0,2,3,2018,2020,MN,other
v63_source_repair_return_guarded_repair,incumbent_cvar_relaxed_source_lp,146058451,166121358,1000.0,1000.0,-162.5963102886178,-212.03423240595197,49.43792211733418,1097.331478030993,842400.0,True,True,6.907218559226713e-06,0.8992165242165242,0,,,61536.201940991785,95605.68469925647,True,True,post_v163_one_drop_one_add_whole_loan_swap,post-v163 one-swap pricing only; not multi-swap or global proof,F,C,2,2,1,3,2,0,2019,2020,NY,MD
v63_source_repair_return_guarded_repair,incumbent_cvar_relaxed_source_lp,143080063,127582382,1000.0,1000.0,-156.12567534075419,-205.52183833714096,49.39616299638678,1097.2897189100454,842400.0,True,True,6.907218559226713e-06,0.8992165242165242,0,,,61424.62143973533,95463.98284337569,True,True,post_v163_one_drop_one_add_whole_loan_swap,post-v163 one-swap pricing only; not multi-swap or global proof,E,D,2,2,1,3,0,0,2018,2018,TX,CA
v63_source_repair_return_guarded_repair,incumbent_cvar_relaxed_source_lp,143524090,167713836,1500.0,1500.0,-273.9019160760482,-323.27724824243177,49.375332166383544,1097.2688880800422,842400.0,True,True,6.907218559226713e-06,0.8992165242165242,0,,,61316.73266752243,95280.05930020427,True,True,post_v163_one_drop_one_add_whole_loan_swap,post-v163 one-swap pricing only; not multi-swap or global proof,B,C,1,1,3,1,2,4,2018,2020,VA,other
v63_source_repair_return_guarded_repair,incumbent_cvar_relaxed_source_lp,139799241,167713836,1500.0,1500.0,-273.92682835000414,-323.27724824243177,49.350419892427624,1097.2439758060864,842400.0,True,True,6.907218559226713e-06,0.8992165242165242,0,,,61353.624616221685,95306.49869804154,True,True,post_v163_one_drop_one_add_whole_loan_swap,post-v163 one-swap pricing only; not multi-swap or global proof,B,C,1,1,0,1,0,4,2018,2020,NY,other
v63_source_repair_return_guarded_repair,incumbent_cvar_relaxed_source_lp,143738130,127676286,2000.0,1700.0,-234.68765251493338,-284.013668738137,49.32601622320365,1097.2195721368623,842700.0,True,True,0.000310619560215053,0.899252402990388,0,,,61464.57567149965,95529.33988748267,True,True,post_v163_one_drop_one_add_whole_loan_swap,post-v163 one-swap pricing only; not multi-swap or global proof,B,B,0,0,3,4,0,1,2018,2018,other,NV
v63_source_repair_return_guarded_repair,incumbent_cvar_relaxed_source_lp,137677350,169887690,1000.0,1000.0,-171.87891215652908,-221.11264407259083,49.23373191606174,1097.1272878297204,842400.0,True,True,6.907218559226713e-06,0.8992165242165242,0,,,61554.0614947735,95640.852452037,True,True,post_v163_one_drop_one_add_whole_loan_swap,post-v163 one-swap pricing only; not multi-swap or global proof,F,B,2,1,2,0,2,3,2018,2020,WA,other
v63_source_repair_return_guarded_repair,incumbent_cvar_relaxed_source_lp,146058451,127475725,1000.0,1000.0,-162.5963102886178,-211.8282137432861,49.23190345466833,1097.125459368327,842400.0,True,True,6.907218559226713e-06,0.8992165242165242,0,,,61562.11541419552,95660.29399965152,True,True,post_v163_one_drop_one_add_whole_loan_swap,post-v163 one-swap pricing only; not multi-swap or global proof,F,C,2,1,1,4,2,0,2019,2018,NY,AZ
v63_source_repair_return_guarded_repair,incumbent_cvar_relaxed_source_lp,146047525,126652025,1000.0,1000.0,-158.0343653049946,-206.92821374328602,48.89384843829143,1096.78740435195,842400.0,True,True,6.907218559226713e-06,0.8992165242165242,0,,,61514.11574270255,95584.990811656,True,True,post_v163_one_drop_one_add_whole_loan_swap,post-v163 one-swap pricing only; not multi-swap or global proof,E,C,2,1,4,3,0,1,2019,2018,MD,FL
v63_source_repair_return_guarded_repair,incumbent_cvar_relaxed_source_lp,143136725,126707528,1000.0,1000.0,-177.5369868619323,-226.37597165812684,48.83898479619455,1096.7325407098533,842400.0,True,True,6.907218559226713e-06,0.8992165242165242,0,,,61440.7678579015,95502.03450534375,True,True,post_v163_one_drop_one_add_whole_loan_swap,post-v163 one-swap pricing only; not multi-swap or global proof,F,E,3,3,1,1,3,0,2018,2018,OH,other
v63_source_repair_return_guarded_repair,incumbent_cvar_relaxed_source_lp,137380434,127582382,1000.0,1000.0,-156.95404774473053,-205.52183833714096,48.56779059241043,1096.461346506069,842400.0,True,True,6.907218559226713e-06,0.8992165242165242,0,,,61445.200231420255,95480.71433759293,True,True,post_v163_one_drop_one_add_whole_loan_swap,post-v163 one-swap pricing only; not multi-swap or global proof,E,D,2,2,2,3,3,0,2018,2018,VA,CA
v63_source_repair_return_guarded_repair,incumbent_cvar_relaxed_source_lp,153939446,126652025,1000.0,1000.0,-158.5530158334477,-206.92821374328602,48.375197909838334,1096.268753823497,842400.0,True,True,6.907218559226713e-06,0.8992165242165242,0,,,61540.98460798767,95541.47905348714,True,True,post_v163_one_drop_one_add_whole_loan_swap,post-v163 one-swap pricing only; not multi-swap or global proof,D,C,3,1,0,3,4,1,2019,2018,other,FL
v63_source_repair_return_guarded_repair,incumbent_cvar_relaxed_source_lp,147720593,167713836,1500.0,1500.0,-275.29947449128576,-323.27724824243177,47.977773751146,1095.8713296648048,842400.0,True,True,6.907218559226713e-06,0.8992165242165242,0,,,61514.25425093423,95590.55967833546,True,True,post_v163_one_drop_one_add_whole_loan_swap,post-v163 one-swap pricing only; not multi-swap or global proof,E,C,2,1,4,1,1,4,2019,2020,TX,other
v63_source_repair_return_guarded_repair,incumbent_cvar_relaxed_source_lp,162720393,167713836,1500.0,1500.0,-275.4811024129743,-323.27724824243177,47.79614582945749,1095.689701743116,842400.0,True,True,6.907218559226713e-06,0.8992165242165242,0,,,61472.216943844775,95526.91090393995,True,True,post_v163_one_drop_one_add_whole_loan_swap,post-v163 one-swap pricing only; not multi-swap or global proof,D,C,2,1,1,1,4,4,2019,2020,NJ,other
v63_source_repair_return_guarded_repair,incumbent_cvar_relaxed_source_lp,146047525,127582382,1000.0,1000.0,-158.0343653049946,-205.52183833714096,47.48747303214637,1095.3810289458052,842400.0,True,True,6.907218559226713e-06,0.8992165242165242,0,,,61456.13168852403,95506.6588774065,True,True,post_v163_one_drop_one_add_whole_loan_swap,post-v163 one-swap pricing only; not multi-swap or global proof,E,D,2,2,4,3,0,0,2019,2018,MD,CA
v63_source_repair_return_guarded_repair,incumbent_cvar_relaxed_source_lp,158269673,126416707,1000.0,1000.0,-140.27221683294624,-187.69320294656202,47.42098611361578,1095.3145420272745,842400.0,True,True,6.907218559226713e-06,0.8992165242165242,0,,,61405.721285942134,95409.58919534847,True,True,post_v163_one_drop_one_add_whole_loan_swap,post-v163 one-swap pricing only; not multi-swap or global proof,B,B,0,0,0,1,0,1,2019,2018,IN,CA
v63_source_repair_return_guarded_repair,incumbent_cvar_relaxed_source_lp,136916643,169887690,1000.0,1000.0,-173.75965426338382,-221.11264407259083,47.352989809207,1095.2465457228657,842400.0,True,True,6.907218559226713e-06,0.8992165242165242,0,,,61522.37909473832,95584.61552546965,True,True,post_v163_one_drop_one_add_whole_loan_swap,post-v163 one-swap pricing only; not multi-swap or global proof,E,B,2,1,3,0,1,3,2018,2020,PA,other
v63_source_repair_return_guarded_repair,incumbent_cvar_relaxed_source_lp,161494495,126820122,1000.0,1000.0,-154.69251192380827,-201.89545162414464,47.20293970033637,1095.096495613995,842400.0,True,True,6.907218559226713e-06,0.8992165242165242,0,,,61522.35746055594,95528.96093112812,True,True,post_v163_one_drop_one_add_whole_loan_swap,post-v163 one-swap pricing only; not multi-swap or global proof,D,C,3,1,3,0,2,1,2019,2018,CA,other
v63_source_repair_return_guarded_repair,incumbent_cvar_relaxed_source_lp,144038628,126820122,1000.0,1000.0,-154.87510766035297,-201.89545162414464,47.020343963791674,1094.9138998774504,842400.0,True,True,6.907218559226713e-06,0.8992165242165242,0,,,61476.50989393782,95537.62250040629,True,True,post_v163_one_drop_one_add_whole_loan_swap,post-v163 one-swap pricing only; not multi-swap or global proof,E,C,2,1,3,0,1,1,2018,2018,IL,other
v63_source_repair_return_guarded_repair,incumbent_cvar_relaxed_source_lp,136288831,126652025,1000.0,1000.0,-159.91299271774713,-206.92821374328602,47.01522102553889,1094.9087769391977,842400.0,True,True,6.907218559226713e-06,0.8992165242165242,0,,,61461.696325274475,95493.15423818963,True,True,post_v163_one_drop_one_add_whole_loan_swap,post-v163 one-swap pricing only; not multi-swap or global proof,D,C,1,1,2,3,3,1,2018,2018,other,FL
v63_source_repair_return_guarded_repair,incumbent_cvar_relaxed_source_lp,153939446,127582382,1000.0,1000.0,-158.5530158334477,-205.52183833714096,46.968822503693275,1094.862378417352,842400.0,True,True,6.907218559226713e-06,0.8992165242165242,0,,,61483.000553809165,95463.14711923763,True,True,post_v163_one_drop_one_add_whole_loan_swap,post-v163 one-swap pricing only; not multi-swap or global proof,D,D,3,2,0,3,4,0,2019,2018,other,CA
v63_source_repair_return_guarded_repair,incumbent_cvar_relaxed_source_lp,142973413,126707528,1000.0,1000.0,-179.69170236503285,-226.37597165812684,46.68426929309399,1094.5778252067528,842400.0,True,True,6.907218559226713e-06,0.8992165242165242,0,,,61369.0084998448,95400.6104111355,True,True,post_v163_one_drop_one_add_whole_loan_swap,post-v163 one-swap pricing only; not multi-swap or global proof,E,E,2,3,0,1,0,0,2018,2018,PA,other
v63_source_repair_return_guarded_repair,incumbent_cvar_relaxed_source_lp,158269673,127874931,1000.0,1000.0,-140.27221683294624,-186.9469746106631,46.67475777771685,1094.5683136913756,842400.0,True,True,6.907218559226713e-06,0.8992165242165242,0,,,61406.48638061358,95410.57331358585,True,True,post_v163_one_drop_one_add_whole_loan_swap,post-v163 one-swap pricing only; not multi-swap or global proof,B,B,0,0,0,0,0,0,2019,2018,IN,MN
v63_source_repair_return_guarded_repair,incumbent_cvar_relaxed_source_lp,158269673,126733849,1000.0,1000.0,-140.27221683294624,-186.9469746106631,46.67475777771685,1094.5683136913756,842400.0,True,True,6.907218559226713e-06,0.8992165242165242,0,,,61406.48638061358,95410.57331358585,True,True,post_v163_one_drop_one_add_whole_loan_swap,post-v163 one-swap pricing only; not multi-swap or global proof,B,B,0,0,0,4,0,3,2019,2018,IN,NJ
v63_source_repair_return_guarded_repair,incumbent_cvar_relaxed_source_lp,140230494,166121358,1125.0,1000.0,-165.35979237983094,-212.03423240595197,46.67444002612103,1094.5679959397798,842525.0,True,True,0.00013348031248983094,0.8990831132607341,0,,,61466.54875108087,95487.4239134381,True,True,post_v163_one_drop_one_add_whole_loan_swap,post-v163 one-swap pricing only; not multi-swap or global proof,D,C,1,2,1,3,1,0,2018,2020,other,MD
v63_source_repair_return_guarded_repair,incumbent_cvar_relaxed_source_lp,145117824,126760355,1500.0,1500.0,-203.78348600534198,-250.40002765814089,46.6165416527989,1094.5100975664577,842400.0,True,True,6.907218559226713e-06,0.8992165242165242,0,,,61406.99676398789,95409.04394958686,True,True,post_v163_one_drop_one_add_whole_loan_swap,post-v163 one-swap pricing only; not multi-swap or global proof,B,B,0,0,3,1,0,0,2018,2018,other,IL
v63_source_repair_return_guarded_repair,incumbent_cvar_relaxed_source_lp,144399667,126760355,1500.0,1500.0,-203.78348600534198,-250.40002765814089,46.6165416527989,1094.5100975664577,842400.0,True,True,6.907218559226713e-06,0.8992165242165242,0,,,61406.99676398789,95409.04394958686,True,True,post_v163_one_drop_one_add_whole_loan_swap,post-v163 one-swap pricing only; not multi-swap or global proof,B,B,0,0,2,1,0,0,2018,2018,FL,IL
v63_source_repair_return_guarded_repair,incumbent_cvar_relaxed_source_lp,159706782,126820122,1000.0,1000.0,-155.33436225993984,-201.89545162414464,46.561089364204804,1094.4546452778636,842400.0,True,True,6.907218559226713e-06,0.8992165242165242,0,,,61364.27926062285,95364.0179779958,True,True,post_v163_one_drop_one_add_whole_loan_swap,post-v163 one-swap pricing only; not multi-swap or global proof,B,C,1,1,3,0,2,1,2019,2018,other,other
v63_source_repair_return_guarded_repair,incumbent_cvar_relaxed_source_lp,140230494,127475725,1125.0,1000.0,-165.35979237983094,-211.8282137432861,46.46842136345518,1094.361977277114,842525.0,True,True,0.00013348031248983094,0.8990831132607341,0,,,61492.46222428461,95542.03321383317,True,True,post_v163_one_drop_one_add_whole_loan_swap,post-v163 one-swap pricing only; not multi-swap or global proof,D,C,1,1,1,4,1,0,2018,2018,other,AZ
v63_source_repair_return_guarded_repair,incumbent_cvar_relaxed_source_lp,143136725,126409482,1000.0,1000.0,-177.5369868619323,-223.9633297987982,46.42634293686592,1094.3198988505246,842400.0,True,True,6.907218559226713e-06,0.8992165242165242,0,,,61560.91749580731,95655.34374276112,True,True,post_v163_one_drop_one_add_whole_loan_swap,post-v163 one-swap pricing only; not multi-swap or global proof,F,C,3,2,1,2,3,3,2018,2018,OH,other
v63_source_repair_return_guarded_repair,incumbent_cvar_relaxed_source_lp,141665611,127011905,1600.0,1500.0,-264.10266005877247,-310.3923206149292,46.28966055615672,1094.1832164698153,842500.0,True,True,0.00010816869840624133,0.8991097922848664,0,,,61422.40078211829,95482.76552376893,True,True,post_v163_one_drop_one_add_whole_loan_swap,post-v163 one-swap pricing only; not multi-swap or global proof,C,C,1,1,2,2,1,2,2018,2018,other,other
v63_source_repair_return_guarded_repair,incumbent_cvar_relaxed_source_lp,162605401,126652025,1000.0,1000.0,-160.8152043628769,-206.92821374328602,46.113009380409125,1094.0065652940677,842400.0,True,True,6.907218559226713e-06,0.8992165242165242,0,,,61543.287398636065,95548.93516706474,True,True,post_v163_one_drop_one_add_whole_loan_swap,post-v163 one-swap pricing only; not multi-swap or global proof,D,C,3,1,2,3,1,1,2019,2018,MD,FL
v63_source_repair_return_guarded_repair,incumbent_cvar_relaxed_source_lp,141017853,126652025,1000.0,1000.0,-160.86500878453754,-206.92821374328602,46.063204958748486,1093.9567608724071,842400.0,True,True,6.907218559226713e-06,0.8992165242165242,0,,,61497.273765216414,95548.12394153465,True,True,post_v163_one_drop_one_add_whole_loan_swap,post-v163 one-swap pricing only; not multi-swap or global proof,E,C,2,1,4,3,0,1,2018,2018,VA,FL
v63_source_repair_return_guarded_repair,incumbent_cvar_relaxed_source_lp,138239745,166121358,1000.0,1000.0,-166.10731042945866,-212.03423240595197,45.926921976493304,1093.820477890152,842400.0,True,True,6.907218559226713e-06,0.8992165242165242,0,,,61368.15397111509,95319.60908926868,True,True,post_v163_one_drop_one_add_whole_loan_swap,post-v163 one-swap pricing only; not multi-swap or global proof,C,C,1,2,4,3,2,0,2018,2020,MI,MD
v63_source_repair_return_guarded_repair,incumbent_cvar_relaxed_source_lp,146107119,126737687,3625.0,3300.0,-433.75214293310364,-479.6648309304875,45.91268799738384,1093.8062439110427,842725.0,True,True,0.00033591916137121203,0.8992553917351449,0,,,61491.037743823654,95653.91384018703,True,True,post_v163_one_drop_one_add_whole_loan_swap,post-v163 one-swap pricing only; not multi-swap or global proof,B,B,0,0,4,3,0,0,2019,2018,GA,VA
v63_source_repair_return_guarded_repair,incumbent_cvar_relaxed_source_lp,149155031,126707528,1000.0,1000.0,-180.4847285023466,-226.37597165812684,45.891243155780245,1093.784799069439,842400.0,True,True,6.907218559226713e-06,0.8992165242165242,0,,,61425.80895520699,95371.24077507618,True,True,post_v163_one_drop_one_add_whole_loan_swap,post-v163 one-swap pricing only; not multi-swap or global proof,D,E,3,3,3,1,2,0,2019,2018,TX,other
v63_source_repair_return_guarded_repair,incumbent_cvar_relaxed_source_lp,148588666,126707528,1000.0,1000.0,-180.4847285023466,-226.37597165812684,45.891243155780245,1093.784799069439,842400.0,True,True,6.907218559226713e-06,0.8992165242165242,0,,,61425.80895520699,95371.24077507618,True,True,post_v163_one_drop_one_add_whole_loan_swap,post-v163 one-swap pricing only; not multi-swap or global proof,D,E,3,3,2,1,2,0,2019,2018,VA,other
v63_source_repair_return_guarded_repair,incumbent_cvar_relaxed_source_lp,143524090,126620912,1500.0,1500.0,-273.9019160760482,-319.768173516142,45.86625744009376,1093.7598133537524,842400.0,True,True,6.907218559226713e-06,0.8992165242165242,0,,,61400.179998195505,95429.7942422041,True,True,post_v163_one_drop_one_add_whole_loan_swap,post-v163 one-swap pricing only; not multi-swap or global proof,B,B,1,1,3,0,2,0,2018,2018,VA,other
v63_source_repair_return_guarded_repair,incumbent_cvar_relaxed_source_lp,139799241,126620912,1500.0,1500.0,-273.92682835000414,-319.768173516142,45.84134516613784,1093.7349010797966,842400.0,True,True,6.907218559226713e-06,0.8992165242165242,0,,,61437.07194689476,95456.23364004138,True,True,post_v163_one_drop_one_add_whole_loan_swap,post-v163 one-swap pricing only; not multi-swap or global proof,B,B,1,1,0,0,0,0,2018,2018,NY,other
v63_source_repair_return_guarded_repair,incumbent_cvar_relaxed_source_lp,138754571,126707528,1000.0,1000.0,-180.60322385083467,-226.37597165812684,45.77274780729218,1093.666303720951,842400.0,True,True,6.907218559226713e-06,0.8992165242165242,0,,,61325.297994593704,95302.0940334069,True,True,post_v163_one_drop_one_add_whole_loan_swap,post-v163 one-swap pricing only; not multi-swap or global proof,D,E,1,3,1,1,0,0,2018,2018,CA,other
v63_source_repair_return_guarded_repair,incumbent_cvar_relaxed_source_lp,143080063,126820122,1000.0,1000.0,-156.12567534075419,-201.89545162414464,45.769776283390456,1093.6633321970492,842400.0,True,True,6.907218559226713e-06,0.8992165242165242,0,,,61467.9159359161,95526.04628152377,True,True,post_v163_one_drop_one_add_whole_loan_swap,post-v163 one-swap pricing only; not multi-swap or global proof,E,C,2,1,1,0,0,1,2018,2018,TX,other
v63_source_repair_return_guarded_repair,incumbent_cvar_relaxed_source_lp,138239745,127475725,1000.0,1000.0,-166.10731042945866,-211.8282137432861,45.72090331382745,1093.6144592274861,842400.0,True,True,6.907218559226713e-06,0.8992165242165242,0,,,61394.06744431884,95374.21838966371,True,True,post_v163_one_drop_one_add_whole_loan_swap,post-v163 one-swap pricing only; not multi-swap or global proof,C,C,1,1,4,4,2,0,2018,2018,MI,AZ
v63_source_repair_return_guarded_repair,incumbent_cvar_relaxed_source_lp,161302636,167713836,1650.0,1500.0,-277.5585798885046,-323.27724824243177,45.71866835392717,1093.6122242675858,842550.0,True,True,0.0001587904244897409,0.8990564358198326,0,,,61358.02888123246,95347.85459809648,True,True,post_v163_one_drop_one_add_whole_loan_swap,post-v163 one-swap pricing only; not multi-swap or global proof,B,C,1,1,2,1,0,4,2019,2020,other,other
v63_source_repair_return_guarded_repair,incumbent_cvar_relaxed_source_lp,136288831,127582382,1000.0,1000.0,-159.91299271774713,-205.52183833714096,45.60884561939383,1093.5024015330525,842400.0,True,True,6.907218559226713e-06,0.8992165242165242,0,,,61403.712271095974,95414.82230394009,True,True,post_v163_one_drop_one_add_whole_loan_swap,post-v163 one-swap pricing only; not multi-swap or global proof,D,D,1,2,2,3,3,0,2018,2018,other,CA
v63_source_repair_return_guarded_repair,incumbent_cvar_relaxed_source_lp,140620222,126652025,1000.0,1000.0,-161.9757189883544,-206.92821374328602,44.95249475493162,1092.8460506685904,842400.0,True,True,6.907218559226713e-06,0.8992165242165242,0,,,61488.53895549402,95536.63624785443,True,True,post_v163_one_drop_one_add_whole_loan_swap,post-v163 one-swap pricing only; not multi-swap or global proof,E,C,2,1,2,3,0,1,2018,2018,FL,FL
v63_source_repair_return_guarded_repair,incumbent_cvar_relaxed_source_lp,137380434,126820122,1000.0,1000.0,-156.95404774473053,-201.89545162414464,44.94140387941411,1092.8349597930728,842400.0,True,True,6.907218559226713e-06,0.8992165242165242,0,,,61488.49472760102,95542.77777574104,True,True,post_v163_one_drop_one_add_whole_loan_swap,post-v163 one-swap pricing only; not multi-swap or global proof,E,C,2,1,2,0,3,1,2018,2018,VA,other
v63_source_repair_return_guarded_repair,incumbent_cvar_relaxed_source_lp,162605401,127582382,1000.0,1000.0,-160.8152043628769,-205.52183833714096,44.706633974264065,1092.6001898879229,842400.0,True,True,6.907218559226713e-06,0.8992165242165242,0,,,61485.303344457556,95470.60323281524,True,True,post_v163_one_drop_one_add_whole_loan_swap,post-v163 one-swap pricing only; not multi-swap or global proof,D,D,3,2,2,3,1,0,2019,2018,MD,CA
v63_source_repair_return_guarded_repair,incumbent_cvar_relaxed_source_lp,141017853,127582382,1000.0,1000.0,-160.86500878453754,-205.52183833714096,44.656829552603426,1092.550385466262,842400.0,True,True,6.907218559226713e-06,0.8992165242165242,0,,,61439.28971103791,95469.79200728511,True,True,post_v163_one_drop_one_add_whole_loan_swap,post-v163 one-swap pricing only; not multi-swap or global proof,E,D,2,2,4,3,0,0,2018,2018,VA,CA
v63_source_repair_return_guarded_repair,incumbent_cvar_relaxed_source_lp,150003863,126707528,1000.0,1000.0,-181.82074383711605,-226.37597165812684,44.55522782101079,1092.4487837346694,842400.0,True,True,6.907218559226713e-06,0.8992165242165242,0,,,61427.16051431143,95377.1969269418,True,True,post_v163_one_drop_one_add_whole_loan_swap,post-v163 one-swap pricing only; not multi-swap or global proof,D,E,3,3,3,1,2,0,2019,2018,WA,other
v63_source_repair_return_guarded_repair,incumbent_cvar_relaxed_source_lp,140059131,126707528,1000.0,1000.0,-181.82638557373122,-226.37597165812684,44.54958608439563,1092.4431419980542,842400.0,True,True,6.907218559226713e-06,0.8992165242165242,0,,,61272.57297087119,95238.5070764935,True,True,post_v163_one_drop_one_add_whole_loan_swap,post-v163 one-swap pricing only; not multi-swap or global proof,C,E,1,3,1,1,0,0,2018,2018,CA,other
v63_source_repair_return_guarded_repair,incumbent_cvar_relaxed_source_lp,148266260,126707528,1000.0,1000.0,-181.8913939597021,-226.37597165812684,44.484577698424744,1092.3781336120835,842400.0,True,True,6.907218559226713e-06,0.8992165242165242,0,,,61427.25440679059,95367.76807123376,True,True,post_v163_one_drop_one_add_whole_loan_swap,post-v163 one-swap pricing only; not multi-swap or global proof,D,E,3,3,3,1,1,0,2019,2018,TX,other
v63_source_repair_return_guarded_repair,incumbent_cvar_relaxed_source_lp,147720593,126620912,1500.0,1500.0,-275.29947449128576,-319.768173516142,44.46869902485622,1092.362254938515,842400.0,True,True,6.907218559226713e-06,0.8992165242165242,0,,,61597.701581607296,95740.29462033528,True,True,post_v163_one_drop_one_add_whole_loan_swap,post-v163 one-swap pricing only; not multi-swap or global proof,E,B,2,1,4,0,1,0,2019,2018,TX,other
v63_source_repair_return_guarded_repair,incumbent_cvar_relaxed_source_lp,146058451,126652025,1000.0,1000.0,-162.5963102886178,-206.92821374328602,44.331903454668236,1092.225459368327,842400.0,True,True,6.907218559226713e-06,0.8992165242165242,0,,,61562.11541419552,95660.29399965152,True,True,post_v163_one_drop_one_add_whole_loan_swap,post-v163 one-swap pricing only; not multi-swap or global proof,F,C,2,1,1,3,2,1,2019,2018,NY,FL
v63_source_repair_return_guarded_repair,incumbent_cvar_relaxed_source_lp,162720393,126620912,1500.0,1500.0,-275.4811024129743,-319.768173516142,44.287071103167705,1092.1806270168263,842400.0,True,True,6.907218559226713e-06,0.8992165242165242,0,,,61555.664274517854,95676.64584593977,True,True,post_v163_one_drop_one_add_whole_loan_swap,post-v163 one-swap pricing only; not multi-swap or global proof,D,B,2,1,1,0,4,0,2019,2018,NJ,other
v63_source_repair_return_guarded_repair,incumbent_cvar_relaxed_source_lp,142973413,126409482,1000.0,1000.0,-179.69170236503285,-223.9633297987982,44.27162743376536,1092.165183347424,842400.0,True,True,6.907218559226713e-06,0.8992165242165242,0,,,61489.15813775062,95553.91964855285,True,True,post_v163_one_drop_one_add_whole_loan_swap,post-v163 one-swap pricing only; not multi-swap or global proof,E,C,2,2,0,2,0,3,2018,2018,PA,other
v63_source_repair_return_guarded_repair,incumbent_cvar_relaxed_source_lp,161494495,126419064,1000.0,1000.0,-154.69251192380827,-198.85427993768698,44.161768013878714,1092.0553239275373,842400.0,True,True,6.907218559226713e-06,0.8992165242165242,0,,,61495.75093712557,95486.29252506749,True,True,post_v163_one_drop_one_add_whole_loan_swap,post-v163 one-swap pricing only; not multi-swap or global proof,D,D,3,2,3,4,2,1,2019,2018,CA,other
v63_source_repair_return_guarded_repair,incumbent_cvar_relaxed_source_lp,161639068,167713836,1500.0,1500.0,-279.2887678857127,-323.27724824243177,43.988480356719094,1091.8820362703777,842400.0,True,True,6.907218559226713e-06,0.8992165242165242,0,,,61554.16771263393,95544.81804877697,True,True,post_v163_one_drop_one_add_whole_loan_swap,post-v163 one-swap pricing only; not multi-swap or global proof,D,C,3,1,3,1,4,4,2019,2020,NC,other
v63_source_repair_return_guarded_repair,incumbent_cvar_relaxed_source_lp,144038628,126419064,1000.0,1000.0,-154.87510766035297,-198.85427993768698,43.979172277334015,1091.8727281909928,842400.0,True,True,6.907218559226713e-06,0.8992165242165242,0,,,61449.903370507454,95494.95409434565,True,True,post_v163_one_drop_one_add_whole_loan_swap,post-v163 one-swap pricing only; not multi-swap or global proof,E,D,2,2,3,4,1,1,2018,2018,IL,other
v63_source_repair_return_guarded_repair,incumbent_cvar_relaxed_source_lp,146047525,126820122,1000.0,1000.0,-158.0343653049946,-201.89545162414464,43.86108631915005,1091.7546422328087,842400.0,True,True,6.907218559226713e-06,0.8992165242165242,0,,,61499.42618470481,95568.72231555458,True,True,post_v163_one_drop_one_add_whole_loan_swap,post-v163 one-swap pricing only; not multi-swap or global proof,E,C,2,1,4,0,0,1,2019,2018,MD,other
v63_source_repair_return_guarded_repair,incumbent_cvar_relaxed_source_lp,142054292,126707528,1000.0,1000.0,-182.663633648734,-226.37597165812684,43.71233800939285,1091.6058939230516,842400.0,True,True,6.907218559226713e-06,0.8992165242165242,0,,,61401.64076344934,95435.96997833088,True,True,post_v163_one_drop_one_add_whole_loan_swap,post-v163 one-swap pricing only; not multi-swap or global proof,E,E,2,3,2,1,0,0,2018,2018,MD,other
v63_source_repair_return_guarded_repair,incumbent_cvar_relaxed_source_lp,158776308,126707528,1200.0,1000.0,-182.70950551320306,-226.37597165812684,43.66646614492379,1091.5600220585825,842600.0,True,True,0.00020940614277265013,0.8990030856871588,0,,,61484.526566465494,95503.08014085359,True,True,post_v163_one_drop_one_add_whole_loan_swap,post-v163 one-swap pricing only; not multi-swap or global proof,D,E,3,3,4,1,4,0,2019,2018,CA,other
v63_source_repair_return_guarded_repair,incumbent_cvar_relaxed_source_lp,143136725,169887690,1000.0,1000.0,-177.5369868619323,-221.11264407259083,43.575657210658534,1091.4692131243173,842400.0,True,True,6.907218559226713e-06,0.8992165242165242,0,,,61570.57239803842,95666.29401315426,True,True,post_v163_one_drop_one_add_whole_loan_swap,post-v163 one-swap pricing only; not multi-swap or global proof,F,B,3,1,1,0,3,3,2018,2020,OH,other
v63_source_repair_return_guarded_repair,incumbent_cvar_relaxed_source_lp,162083390,166121358,1000.0,1000.0,-168.4682188833758,-212.03423240595197,43.566013522576156,1091.459569436235,842400.0,True,True,6.907218559226713e-06,0.8992165242165242,0,,,61413.31381067076,95400.045959511,True,True,post_v163_one_drop_one_add_whole_loan_swap,post-v163 one-swap pricing only; not multi-swap or global proof,C,C,1,2,2,3,1,0,2019,2020,other,MD
v63_source_repair_return_guarded_repair,incumbent_cvar_relaxed_source_lp,140620222,127582382,1000.0,1000.0,-161.9757189883544,-205.52183833714096,43.54611934878656,1091.4396752624452,842400.0,True,True,6.907218559226713e-06,0.8992165242165242,0,,,61430.55490131552,95458.3043136049,True,True,post_v163_one_drop_one_add_whole_loan_swap,post-v163 one-swap pricing only; not multi-swap or global proof,E,D,2,2,2,3,0,0,2018,2018,FL,CA
v63_source_repair_return_guarded_repair,incumbent_cvar_relaxed_source_lp,159706782,126419064,1000.0,1000.0,-155.33436225993984,-198.85427993768698,43.519917677747145,1091.4134735914058,842400.0,True,True,6.907218559226713e-06,0.8992165242165242,0,,,61337.672737192486,95321.34957193516,True,True,post_v163_one_drop_one_add_whole_loan_swap,post-v163 one-swap pricing only; not multi-swap or global proof,B,D,1,2,3,4,2,1,2019,2018,other,other
v63_source_repair_return_guarded_repair,incumbent_cvar_relaxed_source_lp,149155031,126409482,1000.0,1000.0,-180.4847285023466,-223.9633297987982,43.478601296451615,1091.3721572101103,842400.0,True,True,6.907218559226713e-06,0.8992165242165242,0,,,61545.95859311281,95524.55001249354,True,True,post_v163_one_drop_one_add_whole_loan_swap,post-v163 one-swap pricing only; not multi-swap or global proof,D,C,3,2,3,2,2,3,2019,2018,TX,other
v63_source_repair_return_guarded_repair,incumbent_cvar_relaxed_source_lp,148588666,126409482,1000.0,1000.0,-180.4847285023466,-223.9633297987982,43.478601296451615,1091.3721572101103,842400.0,True,True,6.907218559226713e-06,0.8992165242165242,0,,,61545.95859311281,95524.55001249354,True,True,post_v163_one_drop_one_add_whole_loan_swap,post-v163 one-swap pricing only; not multi-swap or global proof,D,C,3,2,2,2,2,3,2019,2018,VA,other
v63_source_repair_return_guarded_repair,incumbent_cvar_relaxed_source_lp,138754571,126409482,1000.0,1000.0,-180.60322385083467,-223.9633297987982,43.36010594796355,1091.2536618616223,842400.0,True,True,6.907218559226713e-06,0.8992165242165242,0,,,61445.44763249952,95455.40327082429,True,True,post_v163_one_drop_one_add_whole_loan_swap,post-v163 one-swap pricing only; not multi-swap or global proof,D,C,1,2,1,2,0,3,2018,2018,CA,other
v63_source_repair_return_guarded_repair,incumbent_cvar_relaxed_source_lp,162083390,127475725,1000.0,1000.0,-168.4682188833758,-211.8282137432861,43.3599948599103,1091.253550773569,842400.0,True,True,6.907218559226713e-06,0.8992165242165242,0,,,61439.22728387451,95454.65525990607,True,True,post_v163_one_drop_one_add_whole_loan_swap,post-v163 one-swap pricing only; not multi-swap or global proof,C,C,1,1,2,4,1,0,2019,2018,other,AZ
v63_source_repair_return_guarded_repair,incumbent_cvar_relaxed_source_lp,138631135,166121358,1000.0,1000.0,-168.68250574568688,-212.03423240595197,43.351726660265086,1091.2452825739238,842400.0,True,True,6.907218559226713e-06,0.8992165242165242,0,,,61489.15215942458,95497.3723156838,True,True,post_v163_one_drop_one_add_whole_loan_swap,post-v163 one-swap pricing only; not multi-swap or global proof,E,C,2,2,3,3,0,0,2018,2020,TX,MD
v63_source_repair_return_guarded_repair,incumbent_cvar_relaxed_source_lp,153939446,126820122,1000.0,1000.0,-158.5530158334477,-201.89545162414464,43.34243579069695,1091.2359917043557,842400.0,True,True,6.907218559226713e-06,0.8992165242165242,0,,,61526.29504998993,95525.21055738573,True,True,post_v163_one_drop_one_add_whole_loan_swap,post-v163 one-swap pricing only; not multi-swap or global proof,D,C,3,1,0,0,4,1,2019,2018,other,other
v63_source_repair_return_guarded_repair,incumbent_cvar_relaxed_source_lp,145803826,126707528,1000.0,1000.0,-183.12585978140902,-226.37597165812684,43.250111876717824,1091.1436677903766,842400.0,True,True,6.907218559226713e-06,0.8992165242165242,0,,,61392.207008610305,95426.20291185332,True,True,post_v163_one_drop_one_add_whole_loan_swap,post-v163 one-swap pricing only; not multi-swap or global proof,E,E,2,3,3,1,0,0,2019,2018,MI,other
v63_source_repair_return_guarded_repair,incumbent_cvar_relaxed_source_lp,140861718,166121358,1000.0,1000.0,-168.7891671871381,-212.03423240595197,43.24506521881386,1091.1386211324725,842400.0,True,True,6.907218559226713e-06,0.8992165242165242,0,,,61415.048380469176,95408.06827962634,True,True,post_v163_one_drop_one_add_whole_loan_swap,post-v163 one-swap pricing only; not multi-swap or global proof,D,C,1,2,3,3,4,0,2018,2020,MD,MD
v63_source_repair_return_guarded_repair,incumbent_cvar_relaxed_source_lp,138631135,127475725,1000.0,1000.0,-168.68250574568688,-211.8282137432861,43.14570799759923,1091.0392639112579,842400.0,True,True,6.907218559226713e-06,0.8992165242165242,0,,,61515.06563262832,95551.98161607885,True,True,post_v163_one_drop_one_add_whole_loan_swap,post-v163 one-swap pricing only; not multi-swap or global proof,E,C,2,1,3,4,0,0,2018,2018,TX,AZ
v63_source_repair_return_guarded_repair,incumbent_cvar_relaxed_source_lp,128561503,126707528,1000.0,1000.0,-183.30232614833292,-226.37597165812684,43.07364550979392,1090.9672014234527,842400.0,True,True,6.907218559226713e-06,0.8992165242165242,0,,,61319.20649448119,95288.01043319797,True,True,post_v163_one_drop_one_add_whole_loan_swap,post-v163 one-swap pricing only; not multi-swap or global proof,D,E,1,3,4,1,1,0,2018,2018,other,other
v63_source_repair_return_guarded_repair,incumbent_cvar_relaxed_source_lp,140861718,127475725,1000.0,1000.0,-168.7891671871381,-211.8282137432861,43.03904655614801,1090.9326024698066,842400.0,True,True,6.907218559226713e-06,0.8992165242165242,0,,,61440.96185367292,95462.6775800214,True,True,post_v163_one_drop_one_add_whole_loan_swap,post-v163 one-swap pricing only; not multi-swap or global proof,D,C,1,1,3,4,4,0,2018,2018,MD,AZ
v63_source_repair_return_guarded_repair,incumbent_cvar_relaxed_source_lp,155686800,126707528,1000.0,1000.0,-183.34513347006404,-226.37597165812684,43.0308381880628,1090.9243941017214,842400.0,True,True,6.907218559226713e-06,0.8992165242165242,0,,,61428.70317548048,95376.18250906946,True,True,post_v163_one_drop_one_add_whole_loan_swap,post-v163 one-swap pricing only; not multi-swap or global proof,D,E,4,3,2,1,4,0,2019,2018,FL,other
v63_source_repair_return_guarded_repair,incumbent_cvar_relaxed_source_lp,146058451,127582382,1000.0,1000.0,-162.5963102886178,-205.52183833714096,42.92552804852318,1090.8190839621818,842400.0,True,True,6.907218559226713e-06,0.8992165242165242,0,,,61504.13136001701,95581.96206540198,True,True,post_v163_one_drop_one_add_whole_loan_swap,post-v163 one-swap pricing only; not multi-swap or global proof,F,D,2,2,1,3,2,0,2019,2018,NY,CA
v63_source_repair_return_guarded_repair,incumbent_cvar_relaxed_source_lp,143384974,166121358,1000.0,1000.0,-169.12746621153562,-212.03423240595197,42.90676619441635,1090.800322108075,842400.0,True,True,6.907218559226713e-06,0.8992165242165242,0,,,61386.188580236456,95368.9129817238,True,True,post_v163_one_drop_one_add_whole_loan_swap,post-v163 one-swap pricing only; not multi-swap or global proof,C,C,1,2,1,3,0,0,2018,2020,NY,MD
v63_source_repair_return_guarded_repair,incumbent_cvar_relaxed_source_lp,143080063,126419064,1000.0,1000.0,-156.12567534075419,-198.85427993768698,42.7286045969328,1090.6221605105916,842400.0,True,True,6.907218559226713e-06,0.8992165242165242,0,,,61441.30941248573,95483.37787546313,True,True,post_v163_one_drop_one_add_whole_loan_swap,post-v163 one-swap pricing only; not multi-swap or global proof,E,D,2,2,1,4,0,1,2018,2018,TX,other
v63_source_repair_return_guarded_repair,incumbent_cvar_relaxed_source_lp,143384974,127475725,1000.0,1000.0,-169.12746621153562,-211.8282137432861,42.700747531750494,1090.5943034454092,842400.0,True,True,6.907218559226713e-06,0.8992165242165242,0,,,61412.10205344021,95423.52228211884,True,True,post_v163_one_drop_one_add_whole_loan_swap,post-v163 one-swap pricing only; not multi-swap or global proof,C,C,1,1,1,4,0,0,2018,2018,NY,AZ
v63_source_repair_return_guarded_repair,incumbent_cvar_relaxed_source_lp,162528420,126707528,1200.0,1000.0,-183.7368131210446,-226.37597165812684,42.63915853708224,1090.532714450741,842600.0,True,True,0.00020940614277265013,0.8990030856871588,0,,,61485.59409572504,95498.61540224004,True,True,post_v163_one_drop_one_add_whole_loan_swap,post-v163 one-swap pricing only; not multi-swap or global proof,D,E,3,3,2,1,2,0,2019,2018,MD,other
v63_source_repair_return_guarded_repair,incumbent_cvar_relaxed_source_lp,144016649,127011905,1500.0,1500.0,-268.05191607604837,-310.3923206149292,42.34040453888082,1090.2339604525396,842400.0,True,True,6.907218559226713e-06,0.8992165242165242,0,,,61347.48885809369,95354.86526441232,True,True,post_v163_one_drop_one_add_whole_loan_swap,post-v163 one-swap pricing only; not multi-swap or global proof,B,C,1,1,2,2,0,2,2018,2018,other,other
v63_source_repair_return_guarded_repair,incumbent_cvar_relaxed_source_lp,161302636,126620912,1650.0,1500.0,-277.5585798885046,-319.768173516142,42.20959362763739,1090.103149541296,842550.0,True,True,0.0001587904244897409,0.8990564358198326,0,,,61441.47621190554,95497.5895400963,True,True,post_v163_one_drop_one_add_whole_loan_swap,post-v163 one-swap pricing only; not multi-swap or global proof,B,B,1,1,2,0,0,0,2019,2018,other,other
v63_source_repair_return_guarded_repair,incumbent_cvar_relaxed_source_lp,150003863,126409482,1000.0,1000.0,-181.82074383711605,-223.9633297987982,42.14258596168216,1090.036141875341,842400.0,True,True,6.907218559226713e-06,0.8992165242165242,0,,,61547.31015221724,95530.50616435916,True,True,post_v163_one_drop_one_add_whole_loan_swap,post-v163 one-swap pricing only; not multi-swap or global proof,D,C,3,2,3,2,2,3,2019,2018,WA,other
