candidate_rank_v286,added_loan_id_v286,drop_rank_v286,dropped_loan_id_v286,dropped_loan_amount_v286,dropped_mean_return_v286,drop_grade_v286,drop_score_decile_v286,claim_boundary_v286
1,165382274,1,145033022,5050.0,123.15122962377396,A,0,selected by exact source-relief MILP for diagnostic pricing only
1,165382274,2,138240169,35000.0,858.3018037609215,A,0,selected by exact source-relief MILP for diagnostic pricing only
2,161116709,1,138240169,35000.0,858.3018037609215,A,0,selected by exact source-relief MILP for diagnostic pricing only
3,141424646,1,145033022,5050.0,123.15122962377396,A,0,selected by exact source-relief MILP for diagnostic pricing only
3,141424646,2,138240169,35000.0,858.3018037609215,A,0,selected by exact source-relief MILP for diagnostic pricing only
4,142544106,1,145033022,5050.0,123.15122962377396,A,0,selected by exact source-relief MILP for diagnostic pricing only
4,142544106,2,138240169,35000.0,858.3018037609215,A,0,selected by exact source-relief MILP for diagnostic pricing only
5,142971016,1,145033022,5050.0,123.15122962377396,A,0,selected by exact source-relief MILP for diagnostic pricing only
5,142971016,2,138240169,35000.0,858.3018037609215,A,0,selected by exact source-relief MILP for diagnostic pricing only
6,133736427,1,145033022,5050.0,123.15122962377396,A,0,selected by exact source-relief MILP for diagnostic pricing only
6,133736427,2,138240169,35000.0,858.3018037609215,A,0,selected by exact source-relief MILP for diagnostic pricing only
7,127802033,1,145033022,5050.0,123.15122962377396,A,0,selected by exact source-relief MILP for diagnostic pricing only
7,127802033,2,138240169,35000.0,858.3018037609215,A,0,selected by exact source-relief MILP for diagnostic pricing only
8,137219542,1,145033022,5050.0,123.15122962377396,A,0,selected by exact source-relief MILP for diagnostic pricing only
8,137219542,2,138240169,35000.0,858.3018037609215,A,0,selected by exact source-relief MILP for diagnostic pricing only
9,131524920,1,145033022,5050.0,123.15122962377396,A,0,selected by exact source-relief MILP for diagnostic pricing only
9,131524920,2,138240169,35000.0,858.3018037609215,A,0,selected by exact source-relief MILP for diagnostic pricing only
10,129766898,1,145033022,5050.0,123.15122962377396,A,0,selected by exact source-relief MILP for diagnostic pricing only
10,129766898,2,138240169,35000.0,858.3018037609215,A,0,selected by exact source-relief MILP for diagnostic pricing only
11,162344939,1,170387634,3000.0,72.71865378192913,A,0,selected by exact source-relief MILP for diagnostic pricing only
11,162344939,2,144534751,3000.0,73.15914631115284,A,0,selected by exact source-relief MILP for diagnostic pricing only
11,162344939,3,133763576,3000.0,73.31323703811194,A,0,selected by exact source-relief MILP for diagnostic pricing only
11,162344939,4,145033022,5050.0,123.15122962377396,A,0,selected by exact source-relief MILP for diagnostic pricing only
11,162344939,5,138253214,6000.0,147.1374520733008,A,0,selected by exact source-relief MILP for diagnostic pricing only
11,162344939,6,148029832,10000.0,247.80404423386764,A,0,selected by exact source-relief MILP for diagnostic pricing only
12,136514162,1,145033022,5050.0,123.15122962377396,A,0,selected by exact source-relief MILP for diagnostic pricing only
12,136514162,2,138240169,35000.0,858.3018037609215,A,0,selected by exact source-relief MILP for diagnostic pricing only
13,155090587,1,145033022,5050.0,123.15122962377396,A,0,selected by exact source-relief MILP for diagnostic pricing only
13,155090587,2,138240169,35000.0,858.3018037609215,A,0,selected by exact source-relief MILP for diagnostic pricing only
14,143514276,1,170387634,3000.0,72.71865378192913,A,0,selected by exact source-relief MILP for diagnostic pricing only
14,143514276,2,144534751,3000.0,73.15914631115284,A,0,selected by exact source-relief MILP for diagnostic pricing only
14,143514276,3,133763576,3000.0,73.31323703811194,A,0,selected by exact source-relief MILP for diagnostic pricing only
14,143514276,4,145033022,5050.0,123.15122962377396,A,0,selected by exact source-relief MILP for diagnostic pricing only
14,143514276,5,138253214,6000.0,147.1374520733008,A,0,selected by exact source-relief MILP for diagnostic pricing only
14,143514276,6,158700271,8000.0,198.2323499409941,A,0,selected by exact source-relief MILP for diagnostic pricing only
15,149445142,1,137182894,1800.0,44.22659987973943,A,0,selected by exact source-relief MILP for diagnostic pricing only
15,149445142,2,170387634,3000.0,72.71865378192913,A,0,selected by exact source-relief MILP for diagnostic pricing only
15,149445142,3,144534751,3000.0,73.15914631115284,A,0,selected by exact source-relief MILP for diagnostic pricing only
15,149445142,4,133763576,3000.0,73.31323703811194,A,0,selected by exact source-relief MILP for diagnostic pricing only
15,149445142,5,145033022,5050.0,123.15122962377396,A,0,selected by exact source-relief MILP for diagnostic pricing only
15,149445142,6,138253214,6000.0,147.1374520733008,A,0,selected by exact source-relief MILP for diagnostic pricing only
15,149445142,7,159850257,11025.0,273.69192412557953,A,0,selected by exact source-relief MILP for diagnostic pricing only
16,131604271,1,145033022,5050.0,123.15122962377396,A,0,selected by exact source-relief MILP for diagnostic pricing only
16,131604271,2,138240169,35000.0,858.3018037609215,A,0,selected by exact source-relief MILP for diagnostic pricing only
17,143009280,1,145033022,5050.0,123.15122962377396,A,0,selected by exact source-relief MILP for diagnostic pricing only
17,143009280,2,138240169,35000.0,858.3018037609215,A,0,selected by exact source-relief MILP for diagnostic pricing only
18,143477132,1,145033022,5050.0,123.15122962377396,A,0,selected by exact source-relief MILP for diagnostic pricing only
18,143477132,2,138240169,35000.0,858.3018037609215,A,0,selected by exact source-relief MILP for diagnostic pricing only
19,126456735,1,145033022,5050.0,123.15122962377396,A,0,selected by exact source-relief MILP for diagnostic pricing only
19,126456735,2,138240169,35000.0,858.3018037609215,A,0,selected by exact source-relief MILP for diagnostic pricing only
20,139918530,1,145033022,5050.0,123.15122962377396,A,0,selected by exact source-relief MILP for diagnostic pricing only
20,139918530,2,138240169,35000.0,858.3018037609215,A,0,selected by exact source-relief MILP for diagnostic pricing only
21,130473332,1,138240169,35000.0,858.3018037609215,A,0,selected by exact source-relief MILP for diagnostic pricing only
22,136506262,1,159357211,1500.0,37.236996479670715,A,0,selected by exact source-relief MILP for diagnostic pricing only
22,136506262,2,170387634,3000.0,72.71865378192913,A,0,selected by exact source-relief MILP for diagnostic pricing only
22,136506262,3,144534751,3000.0,73.15914631115284,A,0,selected by exact source-relief MILP for diagnostic pricing only
22,136506262,4,145033022,5050.0,123.15122962377396,A,0,selected by exact source-relief MILP for diagnostic pricing only
22,136506262,5,138253214,6000.0,147.1374520733008,A,0,selected by exact source-relief MILP for diagnostic pricing only
22,136506262,6,160327845,7500.0,186.18498239835355,A,0,selected by exact source-relief MILP for diagnostic pricing only
22,136506262,7,148029832,10000.0,247.80404423386764,A,0,selected by exact source-relief MILP for diagnostic pricing only
23,151301060,1,145033022,5050.0,123.15122962377396,A,0,selected by exact source-relief MILP for diagnostic pricing only
23,151301060,2,138240169,35000.0,858.3018037609215,A,0,selected by exact source-relief MILP for diagnostic pricing only
24,137834120,1,138240169,35000.0,858.3018037609215,A,0,selected by exact source-relief MILP for diagnostic pricing only
25,131361542,1,138240169,35000.0,858.3018037609215,A,0,selected by exact source-relief MILP for diagnostic pricing only
26,133849436,1,145033022,5050.0,123.15122962377396,A,0,selected by exact source-relief MILP for diagnostic pricing only
26,133849436,2,138240169,35000.0,858.3018037609215,A,0,selected by exact source-relief MILP for diagnostic pricing only
27,134190481,1,145033022,5050.0,123.15122962377396,A,0,selected by exact source-relief MILP for diagnostic pricing only
27,134190481,2,138240169,35000.0,858.3018037609215,A,0,selected by exact source-relief MILP for diagnostic pricing only
28,136476781,1,159357211,1500.0,37.236996479670715,A,0,selected by exact source-relief MILP for diagnostic pricing only
28,136476781,2,170387634,3000.0,72.71865378192913,A,0,selected by exact source-relief MILP for diagnostic pricing only
28,136476781,3,144534751,3000.0,73.15914631115284,A,0,selected by exact source-relief MILP for diagnostic pricing only
28,136476781,4,133763576,3000.0,73.31323703811194,A,0,selected by exact source-relief MILP for diagnostic pricing only
28,136476781,5,138253214,6000.0,147.1374520733008,A,0,selected by exact source-relief MILP for diagnostic pricing only
28,136476781,6,160327845,7500.0,186.18498239835355,A,0,selected by exact source-relief MILP for diagnostic pricing only
28,136476781,7,158700271,8000.0,198.2323499409941,A,0,selected by exact source-relief MILP for diagnostic pricing only
29,128173328,1,145033022,5050.0,123.15122962377396,A,0,selected by exact source-relief MILP for diagnostic pricing only
29,128173328,2,138240169,35000.0,858.3018037609215,A,0,selected by exact source-relief MILP for diagnostic pricing only
30,131106023,1,137182894,1800.0,44.22659987973943,A,0,selected by exact source-relief MILP for diagnostic pricing only
30,131106023,2,161626478,2400.0,59.91771594001454,A,0,selected by exact source-relief MILP for diagnostic pricing only
30,131106023,3,138240169,35000.0,858.3018037609215,A,0,selected by exact source-relief MILP for diagnostic pricing only
31,142864364,1,159357211,1500.0,37.236996479670715,A,0,selected by exact source-relief MILP for diagnostic pricing only
31,142864364,2,170387634,3000.0,72.71865378192913,A,0,selected by exact source-relief MILP for diagnostic pricing only
31,142864364,3,144534751,3000.0,73.15914631115284,A,0,selected by exact source-relief MILP for diagnostic pricing only
31,142864364,4,133763576,3000.0,73.31323703811194,A,0,selected by exact source-relief MILP for diagnostic pricing only
31,142864364,5,138253214,6000.0,147.1374520733008,A,0,selected by exact source-relief MILP for diagnostic pricing only
31,142864364,6,158700271,8000.0,198.2323499409941,A,0,selected by exact source-relief MILP for diagnostic pricing only
31,142864364,7,148029832,10000.0,247.80404423386764,A,0,selected by exact source-relief MILP for diagnostic pricing only
32,126754841,1,138240169,35000.0,858.3018037609215,A,0,selected by exact source-relief MILP for diagnostic pricing only
33,142187586,1,145033022,5050.0,123.15122962377396,A,0,selected by exact source-relief MILP for diagnostic pricing only
33,142187586,2,138240169,35000.0,858.3018037609215,A,0,selected by exact source-relief MILP for diagnostic pricing only
34,144762389,1,145033022,5050.0,123.15122962377396,A,0,selected by exact source-relief MILP for diagnostic pricing only
34,144762389,2,138240169,35000.0,858.3018037609215,A,0,selected by exact source-relief MILP for diagnostic pricing only
35,130171815,1,145033022,5050.0,123.15122962377396,A,0,selected by exact source-relief MILP for diagnostic pricing only
35,130171815,2,138240169,35000.0,858.3018037609215,A,0,selected by exact source-relief MILP for diagnostic pricing only
36,138624297,1,145033022,5050.0,123.15122962377396,A,0,selected by exact source-relief MILP for diagnostic pricing only
36,138624297,2,138240169,35000.0,858.3018037609215,A,0,selected by exact source-relief MILP for diagnostic pricing only
37,126775973,1,145033022,5050.0,123.15122962377396,A,0,selected by exact source-relief MILP for diagnostic pricing only
37,126775973,2,138240169,35000.0,858.3018037609215,A,0,selected by exact source-relief MILP for diagnostic pricing only
38,144885292,1,170387634,3000.0,72.71865378192913,A,0,selected by exact source-relief MILP for diagnostic pricing only
38,144885292,2,144534751,3000.0,73.15914631115284,A,0,selected by exact source-relief MILP for diagnostic pricing only
38,144885292,3,133763576,3000.0,73.31323703811194,A,0,selected by exact source-relief MILP for diagnostic pricing only
38,144885292,4,145033022,5050.0,123.15122962377396,A,0,selected by exact source-relief MILP for diagnostic pricing only
38,144885292,5,158700271,8000.0,198.2323499409941,A,0,selected by exact source-relief MILP for diagnostic pricing only
39,126636088,1,170387634,3000.0,72.71865378192913,A,0,selected by exact source-relief MILP for diagnostic pricing only
39,126636088,2,144534751,3000.0,73.15914631115284,A,0,selected by exact source-relief MILP for diagnostic pricing only
39,126636088,3,133763576,3000.0,73.31323703811194,A,0,selected by exact source-relief MILP for diagnostic pricing only
39,126636088,4,138253214,6000.0,147.1374520733008,A,0,selected by exact source-relief MILP for diagnostic pricing only
39,126636088,5,148029832,10000.0,247.80404423386764,A,0,selected by exact source-relief MILP for diagnostic pricing only
40,142172742,1,170387634,3000.0,72.71865378192913,A,0,selected by exact source-relief MILP for diagnostic pricing only
40,142172742,2,144534751,3000.0,73.15914631115284,A,0,selected by exact source-relief MILP for diagnostic pricing only
40,142172742,3,133763576,3000.0,73.31323703811194,A,0,selected by exact source-relief MILP for diagnostic pricing only
40,142172742,4,138253214,6000.0,147.1374520733008,A,0,selected by exact source-relief MILP for diagnostic pricing only
40,142172742,5,148029832,10000.0,247.80404423386764,A,0,selected by exact source-relief MILP for diagnostic pricing only
41,165418646,1,145033022,5050.0,123.15122962377396,A,0,selected by exact source-relief MILP for diagnostic pricing only
41,165418646,2,138240169,35000.0,858.3018037609215,A,0,selected by exact source-relief MILP for diagnostic pricing only
42,146849277,1,161626478,2400.0,59.91771594001454,A,0,selected by exact source-relief MILP for diagnostic pricing only
42,146849277,2,170387634,3000.0,72.71865378192913,A,0,selected by exact source-relief MILP for diagnostic pricing only
42,146849277,3,144534751,3000.0,73.15914631115284,A,0,selected by exact source-relief MILP for diagnostic pricing only
42,146849277,4,145033022,5050.0,123.15122962377396,A,0,selected by exact source-relief MILP for diagnostic pricing only
42,146849277,5,138253214,6000.0,147.1374520733008,A,0,selected by exact source-relief MILP for diagnostic pricing only
42,146849277,6,148029832,10000.0,247.80404423386764,A,0,selected by exact source-relief MILP for diagnostic pricing only
43,136540082,1,159357211,1500.0,37.236996479670715,A,0,selected by exact source-relief MILP for diagnostic pricing only
43,136540082,2,161626478,2400.0,59.91771594001454,A,0,selected by exact source-relief MILP for diagnostic pricing only
43,136540082,3,170387634,3000.0,72.71865378192913,A,0,selected by exact source-relief MILP for diagnostic pricing only
43,136540082,4,144534751,3000.0,73.15914631115284,A,0,selected by exact source-relief MILP for diagnostic pricing only
43,136540082,5,145033022,5050.0,123.15122962377396,A,0,selected by exact source-relief MILP for diagnostic pricing only
43,136540082,6,158700271,8000.0,198.2323499409941,A,0,selected by exact source-relief MILP for diagnostic pricing only
43,136540082,7,148029832,10000.0,247.80404423386764,A,0,selected by exact source-relief MILP for diagnostic pricing only
44,126151433,1,148096150,1000.0,27.38487574759364,A,0,selected by exact source-relief MILP for diagnostic pricing only
44,126151433,2,138240169,35000.0,858.3018037609215,A,0,selected by exact source-relief MILP for diagnostic pricing only
45,147694317,1,170387634,3000.0,72.71865378192913,A,0,selected by exact source-relief MILP for diagnostic pricing only
45,147694317,2,144534751,3000.0,73.15914631115284,A,0,selected by exact source-relief MILP for diagnostic pricing only
45,147694317,3,133763576,3000.0,73.31323703811194,A,0,selected by exact source-relief MILP for diagnostic pricing only
45,147694317,4,145033022,5050.0,123.15122962377396,A,0,selected by exact source-relief MILP for diagnostic pricing only
45,147694317,5,138253214,6000.0,147.1374520733008,A,0,selected by exact source-relief MILP for diagnostic pricing only
45,147694317,6,148029832,10000.0,247.80404423386764,A,0,selected by exact source-relief MILP for diagnostic pricing only
46,144908663,1,159357211,1500.0,37.236996479670715,A,0,selected by exact source-relief MILP for diagnostic pricing only
46,144908663,2,137182894,1800.0,44.22659987973943,A,0,selected by exact source-relief MILP for diagnostic pricing only
46,144908663,3,170387634,3000.0,72.71865378192913,A,0,selected by exact source-relief MILP for diagnostic pricing only
46,144908663,4,144534751,3000.0,73.15914631115284,A,0,selected by exact source-relief MILP for diagnostic pricing only
46,144908663,5,133763576,3000.0,73.31323703811194,A,0,selected by exact source-relief MILP for diagnostic pricing only
46,144908663,6,145033022,5050.0,123.15122962377396,A,0,selected by exact source-relief MILP for diagnostic pricing only
46,144908663,7,138253214,6000.0,147.1374520733008,A,0,selected by exact source-relief MILP for diagnostic pricing only
47,149805943,1,159357211,1500.0,37.236996479670715,A,0,selected by exact source-relief MILP for diagnostic pricing only
47,149805943,2,170387634,3000.0,72.71865378192913,A,0,selected by exact source-relief MILP for diagnostic pricing only
47,149805943,3,144534751,3000.0,73.15914631115284,A,0,selected by exact source-relief MILP for diagnostic pricing only
47,149805943,4,133763576,3000.0,73.31323703811194,A,0,selected by exact source-relief MILP for diagnostic pricing only
47,149805943,5,138253214,6000.0,147.1374520733008,A,0,selected by exact source-relief MILP for diagnostic pricing only
47,149805943,6,160327845,7500.0,186.18498239835355,A,0,selected by exact source-relief MILP for diagnostic pricing only
48,126494478,1,145033022,5050.0,123.15122962377396,A,0,selected by exact source-relief MILP for diagnostic pricing only
48,126494478,2,138240169,35000.0,858.3018037609215,A,0,selected by exact source-relief MILP for diagnostic pricing only
49,127045713,1,145033022,5050.0,123.15122962377396,A,0,selected by exact source-relief MILP for diagnostic pricing only
49,127045713,2,138240169,35000.0,858.3018037609215,A,0,selected by exact source-relief MILP for diagnostic pricing only
50,139226049,1,170387634,3000.0,72.71865378192913,A,0,selected by exact source-relief MILP for diagnostic pricing only
50,139226049,2,144534751,3000.0,73.15914631115284,A,0,selected by exact source-relief MILP for diagnostic pricing only
50,139226049,3,133763576,3000.0,73.31323703811194,A,0,selected by exact source-relief MILP for diagnostic pricing only
50,139226049,4,138253214,6000.0,147.1374520733008,A,0,selected by exact source-relief MILP for diagnostic pricing only
50,139226049,5,148029832,10000.0,247.80404423386764,A,0,selected by exact source-relief MILP for diagnostic pricing only
51,138169582,1,170387634,3000.0,72.71865378192913,A,0,selected by exact source-relief MILP for diagnostic pricing only
51,138169582,2,144534751,3000.0,73.15914631115284,A,0,selected by exact source-relief MILP for diagnostic pricing only
51,138169582,3,133763576,3000.0,73.31323703811194,A,0,selected by exact source-relief MILP for diagnostic pricing only
51,138169582,4,138253214,6000.0,147.1374520733008,A,0,selected by exact source-relief MILP for diagnostic pricing only
51,138169582,5,148029832,10000.0,247.80404423386764,A,0,selected by exact source-relief MILP for diagnostic pricing only
52,161623470,1,170387634,3000.0,72.71865378192913,A,0,selected by exact source-relief MILP for diagnostic pricing only
52,161623470,2,144534751,3000.0,73.15914631115284,A,0,selected by exact source-relief MILP for diagnostic pricing only
52,161623470,3,133763576,3000.0,73.31323703811194,A,0,selected by exact source-relief MILP for diagnostic pricing only
52,161623470,4,145033022,5050.0,123.15122962377396,A,0,selected by exact source-relief MILP for diagnostic pricing only
52,161623470,5,138253214,6000.0,147.1374520733008,A,0,selected by exact source-relief MILP for diagnostic pricing only
53,127545027,1,170387634,3000.0,72.71865378192913,A,0,selected by exact source-relief MILP for diagnostic pricing only
53,127545027,2,144534751,3000.0,73.15914631115284,A,0,selected by exact source-relief MILP for diagnostic pricing only
53,127545027,3,133763576,3000.0,73.31323703811194,A,0,selected by exact source-relief MILP for diagnostic pricing only
53,127545027,4,145033022,5050.0,123.15122962377396,A,0,selected by exact source-relief MILP for diagnostic pricing only
53,127545027,5,138253214,6000.0,147.1374520733008,A,0,selected by exact source-relief MILP for diagnostic pricing only
53,127545027,6,148029832,10000.0,247.80404423386764,A,0,selected by exact source-relief MILP for diagnostic pricing only
54,126684370,1,170387634,3000.0,72.71865378192913,A,0,selected by exact source-relief MILP for diagnostic pricing only
54,126684370,2,144534751,3000.0,73.15914631115284,A,0,selected by exact source-relief MILP for diagnostic pricing only
54,126684370,3,133763576,3000.0,73.31323703811194,A,0,selected by exact source-relief MILP for diagnostic pricing only
54,126684370,4,145033022,5050.0,123.15122962377396,A,0,selected by exact source-relief MILP for diagnostic pricing only
54,126684370,5,138253214,6000.0,147.1374520733008,A,0,selected by exact source-relief MILP for diagnostic pricing only
54,126684370,6,148029832,10000.0,247.80404423386764,A,0,selected by exact source-relief MILP for diagnostic pricing only
55,157309530,1,145033022,5050.0,123.15122962377396,A,0,selected by exact source-relief MILP for diagnostic pricing only
55,157309530,2,138240169,35000.0,858.3018037609215,A,0,selected by exact source-relief MILP for diagnostic pricing only
56,137801455,1,170387634,3000.0,72.71865378192913,A,0,selected by exact source-relief MILP for diagnostic pricing only
56,137801455,2,144534751,3000.0,73.15914631115284,A,0,selected by exact source-relief MILP for diagnostic pricing only
56,137801455,3,133763576,3000.0,73.31323703811194,A,0,selected by exact source-relief MILP for diagnostic pricing only
56,137801455,4,138253214,6000.0,147.1374520733008,A,0,selected by exact source-relief MILP for diagnostic pricing only
56,137801455,5,148029832,10000.0,247.80404423386764,A,0,selected by exact source-relief MILP for diagnostic pricing only
57,139123333,1,170387634,3000.0,72.71865378192913,A,0,selected by exact source-relief MILP for diagnostic pricing only
57,139123333,2,144534751,3000.0,73.15914631115284,A,0,selected by exact source-relief MILP for diagnostic pricing only
57,139123333,3,133763576,3000.0,73.31323703811194,A,0,selected by exact source-relief MILP for diagnostic pricing only
57,139123333,4,138253214,6000.0,147.1374520733008,A,0,selected by exact source-relief MILP for diagnostic pricing only
57,139123333,5,148029832,10000.0,247.80404423386764,A,0,selected by exact source-relief MILP for diagnostic pricing only
58,138691038,1,170387634,3000.0,72.71865378192913,A,0,selected by exact source-relief MILP for diagnostic pricing only
58,138691038,2,144534751,3000.0,73.15914631115284,A,0,selected by exact source-relief MILP for diagnostic pricing only
58,138691038,3,133763576,3000.0,73.31323703811194,A,0,selected by exact source-relief MILP for diagnostic pricing only
58,138691038,4,138253214,6000.0,147.1374520733008,A,0,selected by exact source-relief MILP for diagnostic pricing only
58,138691038,5,148029832,10000.0,247.80404423386764,A,0,selected by exact source-relief MILP for diagnostic pricing only
59,146368514,1,145033022,5050.0,123.15122962377396,A,0,selected by exact source-relief MILP for diagnostic pricing only
59,146368514,2,138240169,35000.0,858.3018037609215,A,0,selected by exact source-relief MILP for diagnostic pricing only
60,144406546,1,170387634,3000.0,72.71865378192913,A,0,selected by exact source-relief MILP for diagnostic pricing only
60,144406546,2,144534751,3000.0,73.15914631115284,A,0,selected by exact source-relief MILP for diagnostic pricing only
60,144406546,3,133763576,3000.0,73.31323703811194,A,0,selected by exact source-relief MILP for diagnostic pricing only
60,144406546,4,145033022,5050.0,123.15122962377396,A,0,selected by exact source-relief MILP for diagnostic pricing only
60,144406546,5,138253214,6000.0,147.1374520733008,A,0,selected by exact source-relief MILP for diagnostic pricing only
61,126336509,1,159357211,1500.0,37.236996479670715,A,0,selected by exact source-relief MILP for diagnostic pricing only
61,126336509,2,137182894,1800.0,44.22659987973943,A,0,selected by exact source-relief MILP for diagnostic pricing only
61,126336509,3,161626478,2400.0,59.91771594001454,A,0,selected by exact source-relief MILP for diagnostic pricing only
61,126336509,4,170387634,3000.0,72.71865378192913,A,0,selected by exact source-relief MILP for diagnostic pricing only
61,126336509,5,144534751,3000.0,73.15914631115284,A,0,selected by exact source-relief MILP for diagnostic pricing only
61,126336509,6,133763576,3000.0,73.31323703811194,A,0,selected by exact source-relief MILP for diagnostic pricing only
61,126336509,7,145033022,5050.0,123.15122962377396,A,0,selected by exact source-relief MILP for diagnostic pricing only
61,126336509,8,138253214,6000.0,147.1374520733008,A,0,selected by exact source-relief MILP for diagnostic pricing only
61,126336509,9,160327845,7500.0,186.18498239835355,A,0,selected by exact source-relief MILP for diagnostic pricing only
62,139483294,1,145033022,5050.0,123.15122962377396,A,0,selected by exact source-relief MILP for diagnostic pricing only
62,139483294,2,138240169,35000.0,858.3018037609215,A,0,selected by exact source-relief MILP for diagnostic pricing only
63,139706230,1,145033022,5050.0,123.15122962377396,A,0,selected by exact source-relief MILP for diagnostic pricing only
63,139706230,2,138240169,35000.0,858.3018037609215,A,0,selected by exact source-relief MILP for diagnostic pricing only
64,140192208,1,145033022,5050.0,123.15122962377396,A,0,selected by exact source-relief MILP for diagnostic pricing only
64,140192208,2,138240169,35000.0,858.3018037609215,A,0,selected by exact source-relief MILP for diagnostic pricing only
65,126342852,1,170387634,3000.0,72.71865378192913,A,0,selected by exact source-relief MILP for diagnostic pricing only
65,126342852,2,144534751,3000.0,73.15914631115284,A,0,selected by exact source-relief MILP for diagnostic pricing only
65,126342852,3,133763576,3000.0,73.31323703811194,A,0,selected by exact source-relief MILP for diagnostic pricing only
65,126342852,4,138253214,6000.0,147.1374520733008,A,0,selected by exact source-relief MILP for diagnostic pricing only
65,126342852,5,148029832,10000.0,247.80404423386764,A,0,selected by exact source-relief MILP for diagnostic pricing only
66,128417752,1,145033022,5050.0,123.15122962377396,A,0,selected by exact source-relief MILP for diagnostic pricing only
66,128417752,2,138240169,35000.0,858.3018037609215,A,0,selected by exact source-relief MILP for diagnostic pricing only
67,165759556,1,145033022,5050.0,123.15122962377396,A,0,selected by exact source-relief MILP for diagnostic pricing only
67,165759556,2,138240169,35000.0,858.3018037609215,A,0,selected by exact source-relief MILP for diagnostic pricing only
68,164460530,1,145033022,5050.0,123.15122962377396,A,0,selected by exact source-relief MILP for diagnostic pricing only
68,164460530,2,138240169,35000.0,858.3018037609215,A,0,selected by exact source-relief MILP for diagnostic pricing only
69,163986537,1,145033022,5050.0,123.15122962377396,A,0,selected by exact source-relief MILP for diagnostic pricing only
69,163986537,2,138240169,35000.0,858.3018037609215,A,0,selected by exact source-relief MILP for diagnostic pricing only
70,155829917,1,145033022,5050.0,123.15122962377396,A,0,selected by exact source-relief MILP for diagnostic pricing only
70,155829917,2,138240169,35000.0,858.3018037609215,A,0,selected by exact source-relief MILP for diagnostic pricing only
71,144724717,1,170387634,3000.0,72.71865378192913,A,0,selected by exact source-relief MILP for diagnostic pricing only
71,144724717,2,144534751,3000.0,73.15914631115284,A,0,selected by exact source-relief MILP for diagnostic pricing only
71,144724717,3,133763576,3000.0,73.31323703811194,A,0,selected by exact source-relief MILP for diagnostic pricing only
71,144724717,4,145033022,5050.0,123.15122962377396,A,0,selected by exact source-relief MILP for diagnostic pricing only
71,144724717,5,138253214,6000.0,147.1374520733008,A,0,selected by exact source-relief MILP for diagnostic pricing only
71,144724717,6,160447435,14000.0,347.54530047692685,A,0,selected by exact source-relief MILP for diagnostic pricing only
72,139082760,1,137182894,1800.0,44.22659987973943,A,0,selected by exact source-relief MILP for diagnostic pricing only
72,139082760,2,170387634,3000.0,72.71865378192913,A,0,selected by exact source-relief MILP for diagnostic pricing only
72,139082760,3,144534751,3000.0,73.15914631115284,A,0,selected by exact source-relief MILP for diagnostic pricing only
72,139082760,4,145033022,5050.0,123.15122962377396,A,0,selected by exact source-relief MILP for diagnostic pricing only
72,139082760,5,138253214,6000.0,147.1374520733008,A,0,selected by exact source-relief MILP for diagnostic pricing only
72,139082760,6,148029832,10000.0,247.80404423386764,A,0,selected by exact source-relief MILP for diagnostic pricing only
73,127100448,1,170387634,3000.0,72.71865378192913,A,0,selected by exact source-relief MILP for diagnostic pricing only
73,127100448,2,144534751,3000.0,73.15914631115284,A,0,selected by exact source-relief MILP for diagnostic pricing only
73,127100448,3,133763576,3000.0,73.31323703811194,A,0,selected by exact source-relief MILP for diagnostic pricing only
73,127100448,4,145033022,5050.0,123.15122962377396,A,0,selected by exact source-relief MILP for diagnostic pricing only
73,127100448,5,138253214,6000.0,147.1374520733008,A,0,selected by exact source-relief MILP for diagnostic pricing only
73,127100448,6,158700271,8000.0,198.2323499409941,A,0,selected by exact source-relief MILP for diagnostic pricing only
74,141955753,1,138240169,35000.0,858.3018037609215,A,0,selected by exact source-relief MILP for diagnostic pricing only
75,148053687,1,145033022,5050.0,123.15122962377396,A,0,selected by exact source-relief MILP for diagnostic pricing only
75,148053687,2,138240169,35000.0,858.3018037609215,A,0,selected by exact source-relief MILP for diagnostic pricing only
76,152594691,1,170387634,3000.0,72.71865378192913,A,0,selected by exact source-relief MILP for diagnostic pricing only
76,152594691,2,144534751,3000.0,73.15914631115284,A,0,selected by exact source-relief MILP for diagnostic pricing only
76,152594691,3,133763576,3000.0,73.31323703811194,A,0,selected by exact source-relief MILP for diagnostic pricing only
76,152594691,4,145033022,5050.0,123.15122962377396,A,0,selected by exact source-relief MILP for diagnostic pricing only
76,152594691,5,138253214,6000.0,147.1374520733008,A,0,selected by exact source-relief MILP for diagnostic pricing only
77,128239662,1,145033022,5050.0,123.15122962377396,A,0,selected by exact source-relief MILP for diagnostic pricing only
77,128239662,2,138240169,35000.0,858.3018037609215,A,0,selected by exact source-relief MILP for diagnostic pricing only
78,141804011,1,170387634,3000.0,72.71865378192913,A,0,selected by exact source-relief MILP for diagnostic pricing only
78,141804011,2,144534751,3000.0,73.15914631115284,A,0,selected by exact source-relief MILP for diagnostic pricing only
78,141804011,3,133763576,3000.0,73.31323703811194,A,0,selected by exact source-relief MILP for diagnostic pricing only
78,141804011,4,145033022,5050.0,123.15122962377396,A,0,selected by exact source-relief MILP for diagnostic pricing only
78,141804011,5,138253214,6000.0,147.1374520733008,A,0,selected by exact source-relief MILP for diagnostic pricing only
79,129233088,1,145033022,5050.0,123.15122962377396,A,0,selected by exact source-relief MILP for diagnostic pricing only
79,129233088,2,138240169,35000.0,858.3018037609215,A,0,selected by exact source-relief MILP for diagnostic pricing only
80,144801122,1,159357211,1500.0,37.236996479670715,A,0,selected by exact source-relief MILP for diagnostic pricing only
80,144801122,2,170387634,3000.0,72.71865378192913,A,0,selected by exact source-relief MILP for diagnostic pricing only
80,144801122,3,144534751,3000.0,73.15914631115284,A,0,selected by exact source-relief MILP for diagnostic pricing only
80,144801122,4,133763576,3000.0,73.31323703811194,A,0,selected by exact source-relief MILP for diagnostic pricing only
80,144801122,5,138253214,6000.0,147.1374520733008,A,0,selected by exact source-relief MILP for diagnostic pricing only
80,144801122,6,160327845,7500.0,186.18498239835355,A,0,selected by exact source-relief MILP for diagnostic pricing only
80,144801122,7,158700271,8000.0,198.2323499409941,A,0,selected by exact source-relief MILP for diagnostic pricing only
81,136153793,1,170387634,3000.0,72.71865378192913,A,0,selected by exact source-relief MILP for diagnostic pricing only
81,136153793,2,144534751,3000.0,73.15914631115284,A,0,selected by exact source-relief MILP for diagnostic pricing only
81,136153793,3,133763576,3000.0,73.31323703811194,A,0,selected by exact source-relief MILP for diagnostic pricing only
81,136153793,4,138253214,6000.0,147.1374520733008,A,0,selected by exact source-relief MILP for diagnostic pricing only
81,136153793,5,160327845,7500.0,186.18498239835355,A,0,selected by exact source-relief MILP for diagnostic pricing only
82,168658277,1,145033022,5050.0,123.15122962377396,A,0,selected by exact source-relief MILP for diagnostic pricing only
82,168658277,2,138240169,35000.0,858.3018037609215,A,0,selected by exact source-relief MILP for diagnostic pricing only
83,141777575,1,145033022,5050.0,123.15122962377396,A,0,selected by exact source-relief MILP for diagnostic pricing only
83,141777575,2,138240169,35000.0,858.3018037609215,A,0,selected by exact source-relief MILP for diagnostic pricing only
84,139995016,1,145033022,5050.0,123.15122962377396,A,0,selected by exact source-relief MILP for diagnostic pricing only
84,139995016,2,138240169,35000.0,858.3018037609215,A,0,selected by exact source-relief MILP for diagnostic pricing only
85,140658234,1,145033022,5050.0,123.15122962377396,A,0,selected by exact source-relief MILP for diagnostic pricing only
85,140658234,2,138240169,35000.0,858.3018037609215,A,0,selected by exact source-relief MILP for diagnostic pricing only
86,140975045,1,145033022,5050.0,123.15122962377396,A,0,selected by exact source-relief MILP for diagnostic pricing only
86,140975045,2,138240169,35000.0,858.3018037609215,A,0,selected by exact source-relief MILP for diagnostic pricing only
87,141202379,1,145033022,5050.0,123.15122962377396,A,0,selected by exact source-relief MILP for diagnostic pricing only
87,141202379,2,138240169,35000.0,858.3018037609215,A,0,selected by exact source-relief MILP for diagnostic pricing only
88,140308845,1,145033022,5050.0,123.15122962377396,A,0,selected by exact source-relief MILP for diagnostic pricing only
88,140308845,2,138240169,35000.0,858.3018037609215,A,0,selected by exact source-relief MILP for diagnostic pricing only
89,141962978,1,145033022,5050.0,123.15122962377396,A,0,selected by exact source-relief MILP for diagnostic pricing only
89,141962978,2,138240169,35000.0,858.3018037609215,A,0,selected by exact source-relief MILP for diagnostic pricing only
90,141816997,1,145033022,5050.0,123.15122962377396,A,0,selected by exact source-relief MILP for diagnostic pricing only
90,141816997,2,138240169,35000.0,858.3018037609215,A,0,selected by exact source-relief MILP for diagnostic pricing only
91,141932502,1,145033022,5050.0,123.15122962377396,A,0,selected by exact source-relief MILP for diagnostic pricing only
91,141932502,2,138240169,35000.0,858.3018037609215,A,0,selected by exact source-relief MILP for diagnostic pricing only
92,142708555,1,145033022,5050.0,123.15122962377396,A,0,selected by exact source-relief MILP for diagnostic pricing only
92,142708555,2,138240169,35000.0,858.3018037609215,A,0,selected by exact source-relief MILP for diagnostic pricing only
93,142109430,1,145033022,5050.0,123.15122962377396,A,0,selected by exact source-relief MILP for diagnostic pricing only
93,142109430,2,138240169,35000.0,858.3018037609215,A,0,selected by exact source-relief MILP for diagnostic pricing only
94,155064502,1,159357211,1500.0,37.236996479670715,A,0,selected by exact source-relief MILP for diagnostic pricing only
94,155064502,2,161626478,2400.0,59.91771594001454,A,0,selected by exact source-relief MILP for diagnostic pricing only
94,155064502,3,170387634,3000.0,72.71865378192913,A,0,selected by exact source-relief MILP for diagnostic pricing only
94,155064502,4,144534751,3000.0,73.15914631115284,A,0,selected by exact source-relief MILP for diagnostic pricing only
94,155064502,5,133763576,3000.0,73.31323703811194,A,0,selected by exact source-relief MILP for diagnostic pricing only
94,155064502,6,138253214,6000.0,147.1374520733008,A,0,selected by exact source-relief MILP for diagnostic pricing only
95,129199147,1,170387634,3000.0,72.71865378192913,A,0,selected by exact source-relief MILP for diagnostic pricing only
95,129199147,2,144534751,3000.0,73.15914631115284,A,0,selected by exact source-relief MILP for diagnostic pricing only
95,129199147,3,133763576,3000.0,73.31323703811194,A,0,selected by exact source-relief MILP for diagnostic pricing only
95,129199147,4,145033022,5050.0,123.15122962377396,A,0,selected by exact source-relief MILP for diagnostic pricing only
95,129199147,5,138253214,6000.0,147.1374520733008,A,0,selected by exact source-relief MILP for diagnostic pricing only
95,129199147,6,148029832,10000.0,247.80404423386764,A,0,selected by exact source-relief MILP for diagnostic pricing only
96,138377723,1,145033022,5050.0,123.15122962377396,A,0,selected by exact source-relief MILP for diagnostic pricing only
96,138377723,2,138240169,35000.0,858.3018037609215,A,0,selected by exact source-relief MILP for diagnostic pricing only
97,156518724,1,138240169,35000.0,858.3018037609215,A,0,selected by exact source-relief MILP for diagnostic pricing only
98,127802286,1,170387634,3000.0,72.71865378192913,A,0,selected by exact source-relief MILP for diagnostic pricing only
98,127802286,2,144534751,3000.0,73.15914631115284,A,0,selected by exact source-relief MILP for diagnostic pricing only
98,127802286,3,133763576,3000.0,73.31323703811194,A,0,selected by exact source-relief MILP for diagnostic pricing only
98,127802286,4,145033022,5050.0,123.15122962377396,A,0,selected by exact source-relief MILP for diagnostic pricing only
98,127802286,5,138253214,6000.0,147.1374520733008,A,0,selected by exact source-relief MILP for diagnostic pricing only
99,151315049,1,170387634,3000.0,72.71865378192913,A,0,selected by exact source-relief MILP for diagnostic pricing only
99,151315049,2,144534751,3000.0,73.15914631115284,A,0,selected by exact source-relief MILP for diagnostic pricing only
99,151315049,3,133763576,3000.0,73.31323703811194,A,0,selected by exact source-relief MILP for diagnostic pricing only
99,151315049,4,145033022,5050.0,123.15122962377396,A,0,selected by exact source-relief MILP for diagnostic pricing only
99,151315049,5,138253214,6000.0,147.1374520733008,A,0,selected by exact source-relief MILP for diagnostic pricing only
100,148497641,1,170387634,3000.0,72.71865378192913,A,0,selected by exact source-relief MILP for diagnostic pricing only
100,148497641,2,144534751,3000.0,73.15914631115284,A,0,selected by exact source-relief MILP for diagnostic pricing only
100,148497641,3,133763576,3000.0,73.31323703811194,A,0,selected by exact source-relief MILP for diagnostic pricing only
100,148497641,4,145033022,5050.0,123.15122962377396,A,0,selected by exact source-relief MILP for diagnostic pricing only
100,148497641,5,138253214,6000.0,147.1374520733008,A,0,selected by exact source-relief MILP for diagnostic pricing only
101,154331643,1,159357211,1500.0,37.236996479670715,A,0,selected by exact source-relief MILP for diagnostic pricing only
101,154331643,2,170387634,3000.0,72.71865378192913,A,0,selected by exact source-relief MILP for diagnostic pricing only
101,154331643,3,144534751,3000.0,73.15914631115284,A,0,selected by exact source-relief MILP for diagnostic pricing only
101,154331643,4,133763576,3000.0,73.31323703811194,A,0,selected by exact source-relief MILP for diagnostic pricing only
101,154331643,5,138253214,6000.0,147.1374520733008,A,0,selected by exact source-relief MILP for diagnostic pricing only
101,154331643,6,160327845,7500.0,186.18498239835355,A,0,selected by exact source-relief MILP for diagnostic pricing only
101,154331643,7,158700271,8000.0,198.2323499409941,A,0,selected by exact source-relief MILP for diagnostic pricing only
102,152952228,1,170387634,3000.0,72.71865378192913,A,0,selected by exact source-relief MILP for diagnostic pricing only
102,152952228,2,144534751,3000.0,73.15914631115284,A,0,selected by exact source-relief MILP for diagnostic pricing only
102,152952228,3,145033022,5050.0,123.15122962377396,A,0,selected by exact source-relief MILP for diagnostic pricing only
102,152952228,4,148029832,10000.0,247.80404423386764,A,0,selected by exact source-relief MILP for diagnostic pricing only
103,141169513,1,145033022,5050.0,123.15122962377396,A,0,selected by exact source-relief MILP for diagnostic pricing only
103,141169513,2,138240169,35000.0,858.3018037609215,A,0,selected by exact source-relief MILP for diagnostic pricing only
104,141150518,1,170387634,3000.0,72.71865378192913,A,0,selected by exact source-relief MILP for diagnostic pricing only
104,141150518,2,144534751,3000.0,73.15914631115284,A,0,selected by exact source-relief MILP for diagnostic pricing only
104,141150518,3,133763576,3000.0,73.31323703811194,A,0,selected by exact source-relief MILP for diagnostic pricing only
104,141150518,4,138253214,6000.0,147.1374520733008,A,0,selected by exact source-relief MILP for diagnostic pricing only
104,141150518,5,148029832,10000.0,247.80404423386764,A,0,selected by exact source-relief MILP for diagnostic pricing only
105,127937545,1,138240169,35000.0,858.3018037609215,A,0,selected by exact source-relief MILP for diagnostic pricing only
106,133331218,1,170387634,3000.0,72.71865378192913,A,0,selected by exact source-relief MILP for diagnostic pricing only
106,133331218,2,144534751,3000.0,73.15914631115284,A,0,selected by exact source-relief MILP for diagnostic pricing only
106,133331218,3,133763576,3000.0,73.31323703811194,A,0,selected by exact source-relief MILP for diagnostic pricing only
106,133331218,4,145033022,5050.0,123.15122962377396,A,0,selected by exact source-relief MILP for diagnostic pricing only
106,133331218,5,138253214,6000.0,147.1374520733008,A,0,selected by exact source-relief MILP for diagnostic pricing only
107,136782962,1,170387634,3000.0,72.71865378192913,A,0,selected by exact source-relief MILP for diagnostic pricing only
107,136782962,2,144534751,3000.0,73.15914631115284,A,0,selected by exact source-relief MILP for diagnostic pricing only
107,136782962,3,133763576,3000.0,73.31323703811194,A,0,selected by exact source-relief MILP for diagnostic pricing only
107,136782962,4,138253214,6000.0,147.1374520733008,A,0,selected by exact source-relief MILP for diagnostic pricing only
107,136782962,5,148029832,10000.0,247.80404423386764,A,0,selected by exact source-relief MILP for diagnostic pricing only
108,126689519,1,170387634,3000.0,72.71865378192913,A,0,selected by exact source-relief MILP for diagnostic pricing only
108,126689519,2,144534751,3000.0,73.15914631115284,A,0,selected by exact source-relief MILP for diagnostic pricing only
108,126689519,3,133763576,3000.0,73.31323703811194,A,0,selected by exact source-relief MILP for diagnostic pricing only
108,126689519,4,145033022,5050.0,123.15122962377396,A,0,selected by exact source-relief MILP for diagnostic pricing only
108,126689519,5,138253214,6000.0,147.1374520733008,A,0,selected by exact source-relief MILP for diagnostic pricing only
108,126689519,6,148029832,10000.0,247.80404423386764,A,0,selected by exact source-relief MILP for diagnostic pricing only
109,130259258,1,145033022,5050.0,123.15122962377396,A,0,selected by exact source-relief MILP for diagnostic pricing only
109,130259258,2,138240169,35000.0,858.3018037609215,A,0,selected by exact source-relief MILP for diagnostic pricing only
110,139007736,1,170387634,3000.0,72.71865378192913,A,0,selected by exact source-relief MILP for diagnostic pricing only
110,139007736,2,144534751,3000.0,73.15914631115284,A,0,selected by exact source-relief MILP for diagnostic pricing only
110,139007736,3,133763576,3000.0,73.31323703811194,A,0,selected by exact source-relief MILP for diagnostic pricing only
110,139007736,4,145033022,5050.0,123.15122962377396,A,0,selected by exact source-relief MILP for diagnostic pricing only
110,139007736,5,158700271,8000.0,198.2323499409941,A,0,selected by exact source-relief MILP for diagnostic pricing only
111,139668106,1,170387634,3000.0,72.71865378192913,A,0,selected by exact source-relief MILP for diagnostic pricing only
111,139668106,2,144534751,3000.0,73.15914631115284,A,0,selected by exact source-relief MILP for diagnostic pricing only
111,139668106,3,133763576,3000.0,73.31323703811194,A,0,selected by exact source-relief MILP for diagnostic pricing only
111,139668106,4,145033022,5050.0,123.15122962377396,A,0,selected by exact source-relief MILP for diagnostic pricing only
111,139668106,5,138253214,6000.0,147.1374520733008,A,0,selected by exact source-relief MILP for diagnostic pricing only
112,145845999,1,170387634,3000.0,72.71865378192913,A,0,selected by exact source-relief MILP for diagnostic pricing only
112,145845999,2,144534751,3000.0,73.15914631115284,A,0,selected by exact source-relief MILP for diagnostic pricing only
112,145845999,3,133763576,3000.0,73.31323703811194,A,0,selected by exact source-relief MILP for diagnostic pricing only
112,145845999,4,145033022,5050.0,123.15122962377396,A,0,selected by exact source-relief MILP for diagnostic pricing only
112,145845999,5,138253214,6000.0,147.1374520733008,A,0,selected by exact source-relief MILP for diagnostic pricing only
112,145845999,6,160447435,14000.0,347.54530047692685,A,0,selected by exact source-relief MILP for diagnostic pricing only
113,148384485,1,159357211,1500.0,37.236996479670715,A,0,selected by exact source-relief MILP for diagnostic pricing only
113,148384485,2,137182894,1800.0,44.22659987973943,A,0,selected by exact source-relief MILP for diagnostic pricing only
113,148384485,3,161626478,2400.0,59.91771594001454,A,0,selected by exact source-relief MILP for diagnostic pricing only
113,148384485,4,170387634,3000.0,72.71865378192913,A,0,selected by exact source-relief MILP for diagnostic pricing only
113,148384485,5,144534751,3000.0,73.15914631115284,A,0,selected by exact source-relief MILP for diagnostic pricing only
113,148384485,6,133763576,3000.0,73.31323703811194,A,0,selected by exact source-relief MILP for diagnostic pricing only
113,148384485,7,145033022,5050.0,123.15122962377396,A,0,selected by exact source-relief MILP for diagnostic pricing only
114,148571417,1,170387634,3000.0,72.71865378192913,A,0,selected by exact source-relief MILP for diagnostic pricing only
114,148571417,2,144534751,3000.0,73.15914631115284,A,0,selected by exact source-relief MILP for diagnostic pricing only
114,148571417,3,133763576,3000.0,73.31323703811194,A,0,selected by exact source-relief MILP for diagnostic pricing only
114,148571417,4,148029832,10000.0,247.80404423386764,A,0,selected by exact source-relief MILP for diagnostic pricing only
115,127011767,1,170387634,3000.0,72.71865378192913,A,0,selected by exact source-relief MILP for diagnostic pricing only
115,127011767,2,144534751,3000.0,73.15914631115284,A,0,selected by exact source-relief MILP for diagnostic pricing only
115,127011767,3,133763576,3000.0,73.31323703811194,A,0,selected by exact source-relief MILP for diagnostic pricing only
115,127011767,4,138253214,6000.0,147.1374520733008,A,0,selected by exact source-relief MILP for diagnostic pricing only
115,127011767,5,148029832,10000.0,247.80404423386764,A,0,selected by exact source-relief MILP for diagnostic pricing only
116,146384632,1,170387634,3000.0,72.71865378192913,A,0,selected by exact source-relief MILP for diagnostic pricing only
116,146384632,2,144534751,3000.0,73.15914631115284,A,0,selected by exact source-relief MILP for diagnostic pricing only
116,146384632,3,133763576,3000.0,73.31323703811194,A,0,selected by exact source-relief MILP for diagnostic pricing only
116,146384632,4,145033022,5050.0,123.15122962377396,A,0,selected by exact source-relief MILP for diagnostic pricing only
116,146384632,5,138253214,6000.0,147.1374520733008,A,0,selected by exact source-relief MILP for diagnostic pricing only
116,146384632,6,148029832,10000.0,247.80404423386764,A,0,selected by exact source-relief MILP for diagnostic pricing only
117,134816326,1,170387634,3000.0,72.71865378192913,A,0,selected by exact source-relief MILP for diagnostic pricing only
117,134816326,2,144534751,3000.0,73.15914631115284,A,0,selected by exact source-relief MILP for diagnostic pricing only
117,134816326,3,133763576,3000.0,73.31323703811194,A,0,selected by exact source-relief MILP for diagnostic pricing only
117,134816326,4,145033022,5050.0,123.15122962377396,A,0,selected by exact source-relief MILP for diagnostic pricing only
117,134816326,5,138253214,6000.0,147.1374520733008,A,0,selected by exact source-relief MILP for diagnostic pricing only
117,134816326,6,148029832,10000.0,247.80404423386764,A,0,selected by exact source-relief MILP for diagnostic pricing only
118,143521432,1,159357211,1500.0,37.236996479670715,A,0,selected by exact source-relief MILP for diagnostic pricing only
118,143521432,2,170387634,3000.0,72.71865378192913,A,0,selected by exact source-relief MILP for diagnostic pricing only
118,143521432,3,144534751,3000.0,73.15914631115284,A,0,selected by exact source-relief MILP for diagnostic pricing only
118,143521432,4,133763576,3000.0,73.31323703811194,A,0,selected by exact source-relief MILP for diagnostic pricing only
118,143521432,5,160327845,7500.0,186.18498239835355,A,0,selected by exact source-relief MILP for diagnostic pricing only
119,139915612,1,145033022,5050.0,123.15122962377396,A,0,selected by exact source-relief MILP for diagnostic pricing only
119,139915612,2,138240169,35000.0,858.3018037609215,A,0,selected by exact source-relief MILP for diagnostic pricing only
120,139665622,1,145033022,5050.0,123.15122962377396,A,0,selected by exact source-relief MILP for diagnostic pricing only
120,139665622,2,138240169,35000.0,858.3018037609215,A,0,selected by exact source-relief MILP for diagnostic pricing only
121,140285106,1,145033022,5050.0,123.15122962377396,A,0,selected by exact source-relief MILP for diagnostic pricing only
121,140285106,2,138240169,35000.0,858.3018037609215,A,0,selected by exact source-relief MILP for diagnostic pricing only
122,140629382,1,145033022,5050.0,123.15122962377396,A,0,selected by exact source-relief MILP for diagnostic pricing only
122,140629382,2,138240169,35000.0,858.3018037609215,A,0,selected by exact source-relief MILP for diagnostic pricing only
123,140660579,1,145033022,5050.0,123.15122962377396,A,0,selected by exact source-relief MILP for diagnostic pricing only
123,140660579,2,138240169,35000.0,858.3018037609215,A,0,selected by exact source-relief MILP for diagnostic pricing only
124,140526418,1,145033022,5050.0,123.15122962377396,A,0,selected by exact source-relief MILP for diagnostic pricing only
124,140526418,2,138240169,35000.0,858.3018037609215,A,0,selected by exact source-relief MILP for diagnostic pricing only
125,137322291,1,145033022,5050.0,123.15122962377396,A,0,selected by exact source-relief MILP for diagnostic pricing only
125,137322291,2,138240169,35000.0,858.3018037609215,A,0,selected by exact source-relief MILP for diagnostic pricing only
126,154339324,1,159357211,1500.0,37.236996479670715,A,0,selected by exact source-relief MILP for diagnostic pricing only
126,154339324,2,170387634,3000.0,72.71865378192913,A,0,selected by exact source-relief MILP for diagnostic pricing only
126,154339324,3,144534751,3000.0,73.15914631115284,A,0,selected by exact source-relief MILP for diagnostic pricing only
126,154339324,4,133763576,3000.0,73.31323703811194,A,0,selected by exact source-relief MILP for diagnostic pricing only
126,154339324,5,138253214,6000.0,147.1374520733008,A,0,selected by exact source-relief MILP for diagnostic pricing only
126,154339324,6,160327845,7500.0,186.18498239835355,A,0,selected by exact source-relief MILP for diagnostic pricing only
126,154339324,7,158700271,8000.0,198.2323499409941,A,0,selected by exact source-relief MILP for diagnostic pricing only
127,162800303,1,170387634,3000.0,72.71865378192913,A,0,selected by exact source-relief MILP for diagnostic pricing only
127,162800303,2,144534751,3000.0,73.15914631115284,A,0,selected by exact source-relief MILP for diagnostic pricing only
127,162800303,3,133763576,3000.0,73.31323703811194,A,0,selected by exact source-relief MILP for diagnostic pricing only
127,162800303,4,145033022,5050.0,123.15122962377396,A,0,selected by exact source-relief MILP for diagnostic pricing only
127,162800303,5,138253214,6000.0,147.1374520733008,A,0,selected by exact source-relief MILP for diagnostic pricing only
127,162800303,6,148029832,10000.0,247.80404423386764,A,0,selected by exact source-relief MILP for diagnostic pricing only
128,160633253,1,170387634,3000.0,72.71865378192913,A,0,selected by exact source-relief MILP for diagnostic pricing only
128,160633253,2,144534751,3000.0,73.15914631115284,A,0,selected by exact source-relief MILP for diagnostic pricing only
128,160633253,3,133763576,3000.0,73.31323703811194,A,0,selected by exact source-relief MILP for diagnostic pricing only
128,160633253,4,145033022,5050.0,123.15122962377396,A,0,selected by exact source-relief MILP for diagnostic pricing only
128,160633253,5,138253214,6000.0,147.1374520733008,A,0,selected by exact source-relief MILP for diagnostic pricing only
129,136516792,1,159357211,1500.0,37.236996479670715,A,0,selected by exact source-relief MILP for diagnostic pricing only
129,136516792,2,170387634,3000.0,72.71865378192913,A,0,selected by exact source-relief MILP for diagnostic pricing only
129,136516792,3,144534751,3000.0,73.15914631115284,A,0,selected by exact source-relief MILP for diagnostic pricing only
129,136516792,4,133763576,3000.0,73.31323703811194,A,0,selected by exact source-relief MILP for diagnostic pricing only
129,136516792,5,138253214,6000.0,147.1374520733008,A,0,selected by exact source-relief MILP for diagnostic pricing only
129,136516792,6,160327845,7500.0,186.18498239835355,A,0,selected by exact source-relief MILP for diagnostic pricing only
130,152076124,1,145033022,5050.0,123.15122962377396,A,0,selected by exact source-relief MILP for diagnostic pricing only
130,152076124,2,138240169,35000.0,858.3018037609215,A,0,selected by exact source-relief MILP for diagnostic pricing only
131,141811954,1,148096150,1000.0,27.38487574759364,A,0,selected by exact source-relief MILP for diagnostic pricing only
131,141811954,2,138240169,35000.0,858.3018037609215,A,0,selected by exact source-relief MILP for diagnostic pricing only
132,149945188,1,145033022,5050.0,123.15122962377396,A,0,selected by exact source-relief MILP for diagnostic pricing only
132,149945188,2,138240169,35000.0,858.3018037609215,A,0,selected by exact source-relief MILP for diagnostic pricing only
133,151009648,1,145033022,5050.0,123.15122962377396,A,0,selected by exact source-relief MILP for diagnostic pricing only
133,151009648,2,138240169,35000.0,858.3018037609215,A,0,selected by exact source-relief MILP for diagnostic pricing only
134,149586045,1,145033022,5050.0,123.15122962377396,A,0,selected by exact source-relief MILP for diagnostic pricing only
134,149586045,2,138240169,35000.0,858.3018037609215,A,0,selected by exact source-relief MILP for diagnostic pricing only
135,127842943,1,145033022,5050.0,123.15122962377396,A,0,selected by exact source-relief MILP for diagnostic pricing only
135,127842943,2,138240169,35000.0,858.3018037609215,A,0,selected by exact source-relief MILP for diagnostic pricing only
136,120195183,1,145033022,5050.0,123.15122962377396,A,0,selected by exact source-relief MILP for diagnostic pricing only
136,120195183,2,138240169,35000.0,858.3018037609215,A,0,selected by exact source-relief MILP for diagnostic pricing only
137,126518289,1,145033022,5050.0,123.15122962377396,A,0,selected by exact source-relief MILP for diagnostic pricing only
137,126518289,2,138240169,35000.0,858.3018037609215,A,0,selected by exact source-relief MILP for diagnostic pricing only
138,135678030,1,170387634,3000.0,72.71865378192913,A,0,selected by exact source-relief MILP for diagnostic pricing only
138,135678030,2,144534751,3000.0,73.15914631115284,A,0,selected by exact source-relief MILP for diagnostic pricing only
138,135678030,3,133763576,3000.0,73.31323703811194,A,0,selected by exact source-relief MILP for diagnostic pricing only
138,135678030,4,145033022,5050.0,123.15122962377396,A,0,selected by exact source-relief MILP for diagnostic pricing only
138,135678030,5,138253214,6000.0,147.1374520733008,A,0,selected by exact source-relief MILP for diagnostic pricing only
139,129236530,1,138240169,35000.0,858.3018037609215,A,0,selected by exact source-relief MILP for diagnostic pricing only
140,147932942,1,137182894,1800.0,44.22659987973943,A,0,selected by exact source-relief MILP for diagnostic pricing only
140,147932942,2,161626478,2400.0,59.91771594001454,A,0,selected by exact source-relief MILP for diagnostic pricing only
140,147932942,3,170387634,3000.0,72.71865378192913,A,0,selected by exact source-relief MILP for diagnostic pricing only
140,147932942,4,144534751,3000.0,73.15914631115284,A,0,selected by exact source-relief MILP for diagnostic pricing only
140,147932942,5,133763576,3000.0,73.31323703811194,A,0,selected by exact source-relief MILP for diagnostic pricing only
140,147932942,6,145033022,5050.0,123.15122962377396,A,0,selected by exact source-relief MILP for diagnostic pricing only
140,147932942,7,138253214,6000.0,147.1374520733008,A,0,selected by exact source-relief MILP for diagnostic pricing only
141,139646464,1,159357211,1500.0,37.236996479670715,A,0,selected by exact source-relief MILP for diagnostic pricing only
141,139646464,2,170387634,3000.0,72.71865378192913,A,0,selected by exact source-relief MILP for diagnostic pricing only
141,139646464,3,144534751,3000.0,73.15914631115284,A,0,selected by exact source-relief MILP for diagnostic pricing only
141,139646464,4,133763576,3000.0,73.31323703811194,A,0,selected by exact source-relief MILP for diagnostic pricing only
141,139646464,5,160327845,7500.0,186.18498239835355,A,0,selected by exact source-relief MILP for diagnostic pricing only
142,163299130,1,159357211,1500.0,37.236996479670715,A,0,selected by exact source-relief MILP for diagnostic pricing only
142,163299130,2,161626478,2400.0,59.91771594001454,A,0,selected by exact source-relief MILP for diagnostic pricing only
142,163299130,3,170387634,3000.0,72.71865378192913,A,0,selected by exact source-relief MILP for diagnostic pricing only
142,163299130,4,144534751,3000.0,73.15914631115284,A,0,selected by exact source-relief MILP for diagnostic pricing only
142,163299130,5,133763576,3000.0,73.31323703811194,A,0,selected by exact source-relief MILP for diagnostic pricing only
142,163299130,6,145033022,5050.0,123.15122962377396,A,0,selected by exact source-relief MILP for diagnostic pricing only
142,163299130,7,138253214,6000.0,147.1374520733008,A,0,selected by exact source-relief MILP for diagnostic pricing only
142,163299130,8,160327845,7500.0,186.18498239835355,A,0,selected by exact source-relief MILP for diagnostic pricing only
143,135402980,1,170387634,3000.0,72.71865378192913,A,0,selected by exact source-relief MILP for diagnostic pricing only
143,135402980,2,144534751,3000.0,73.15914631115284,A,0,selected by exact source-relief MILP for diagnostic pricing only
143,135402980,3,133763576,3000.0,73.31323703811194,A,0,selected by exact source-relief MILP for diagnostic pricing only
143,135402980,4,148029832,10000.0,247.80404423386764,A,0,selected by exact source-relief MILP for diagnostic pricing only
144,141416826,1,138240169,35000.0,858.3018037609215,A,0,selected by exact source-relief MILP for diagnostic pricing only
145,140839723,1,138240169,35000.0,858.3018037609215,A,0,selected by exact source-relief MILP for diagnostic pricing only
146,141744618,1,159357211,1500.0,37.236996479670715,A,0,selected by exact source-relief MILP for diagnostic pricing only
146,141744618,2,170387634,3000.0,72.71865378192913,A,0,selected by exact source-relief MILP for diagnostic pricing only
146,141744618,3,144534751,3000.0,73.15914631115284,A,0,selected by exact source-relief MILP for diagnostic pricing only
146,141744618,4,133763576,3000.0,73.31323703811194,A,0,selected by exact source-relief MILP for diagnostic pricing only
146,141744618,5,160327845,7500.0,186.18498239835355,A,0,selected by exact source-relief MILP for diagnostic pricing only
147,148277617,1,151650780,2000.0,52.68006941227111,A,0,selected by exact source-relief MILP for diagnostic pricing only
147,148277617,2,138240169,35000.0,858.3018037609215,A,0,selected by exact source-relief MILP for diagnostic pricing only
148,157152254,1,170387634,3000.0,72.71865378192913,A,0,selected by exact source-relief MILP for diagnostic pricing only
148,157152254,2,144534751,3000.0,73.15914631115284,A,0,selected by exact source-relief MILP for diagnostic pricing only
148,157152254,3,133763576,3000.0,73.31323703811194,A,0,selected by exact source-relief MILP for diagnostic pricing only
148,157152254,4,145033022,5050.0,123.15122962377396,A,0,selected by exact source-relief MILP for diagnostic pricing only
148,157152254,5,138253214,6000.0,147.1374520733008,A,0,selected by exact source-relief MILP for diagnostic pricing only
149,130393678,1,159357211,1500.0,37.236996479670715,A,0,selected by exact source-relief MILP for diagnostic pricing only
149,130393678,2,170387634,3000.0,72.71865378192913,A,0,selected by exact source-relief MILP for diagnostic pricing only
149,130393678,3,144534751,3000.0,73.15914631115284,A,0,selected by exact source-relief MILP for diagnostic pricing only
149,130393678,4,138253214,6000.0,147.1374520733008,A,0,selected by exact source-relief MILP for diagnostic pricing only
149,130393678,5,160327845,7500.0,186.18498239835355,A,0,selected by exact source-relief MILP for diagnostic pricing only
150,136806034,1,170387634,3000.0,72.71865378192913,A,0,selected by exact source-relief MILP for diagnostic pricing only
150,136806034,2,144534751,3000.0,73.15914631115284,A,0,selected by exact source-relief MILP for diagnostic pricing only
150,136806034,3,133763576,3000.0,73.31323703811194,A,0,selected by exact source-relief MILP for diagnostic pricing only
150,136806034,4,145033022,5050.0,123.15122962377396,A,0,selected by exact source-relief MILP for diagnostic pricing only
150,136806034,5,138253214,6000.0,147.1374520733008,A,0,selected by exact source-relief MILP for diagnostic pricing only
151,134420760,1,170387634,3000.0,72.71865378192913,A,0,selected by exact source-relief MILP for diagnostic pricing only
151,134420760,2,144534751,3000.0,73.15914631115284,A,0,selected by exact source-relief MILP for diagnostic pricing only
151,134420760,3,133763576,3000.0,73.31323703811194,A,0,selected by exact source-relief MILP for diagnostic pricing only
151,134420760,4,138253214,6000.0,147.1374520733008,A,0,selected by exact source-relief MILP for diagnostic pricing only
151,134420760,5,148029832,10000.0,247.80404423386764,A,0,selected by exact source-relief MILP for diagnostic pricing only
152,132321900,1,145033022,5050.0,123.15122962377396,A,0,selected by exact source-relief MILP for diagnostic pricing only
152,132321900,2,138240169,35000.0,858.3018037609215,A,0,selected by exact source-relief MILP for diagnostic pricing only
153,132929661,1,148096150,1000.0,27.38487574759364,A,0,selected by exact source-relief MILP for diagnostic pricing only
153,132929661,2,138240169,35000.0,858.3018037609215,A,0,selected by exact source-relief MILP for diagnostic pricing only
154,132521079,1,148096150,1000.0,27.38487574759364,A,0,selected by exact source-relief MILP for diagnostic pricing only
154,132521079,2,138240169,35000.0,858.3018037609215,A,0,selected by exact source-relief MILP for diagnostic pricing only
155,126409078,1,170387634,3000.0,72.71865378192913,A,0,selected by exact source-relief MILP for diagnostic pricing only
155,126409078,2,144534751,3000.0,73.15914631115284,A,0,selected by exact source-relief MILP for diagnostic pricing only
155,126409078,3,133763576,3000.0,73.31323703811194,A,0,selected by exact source-relief MILP for diagnostic pricing only
155,126409078,4,145033022,5050.0,123.15122962377396,A,0,selected by exact source-relief MILP for diagnostic pricing only
155,126409078,5,138253214,6000.0,147.1374520733008,A,0,selected by exact source-relief MILP for diagnostic pricing only
155,126409078,6,148029832,10000.0,247.80404423386764,A,0,selected by exact source-relief MILP for diagnostic pricing only
156,126475675,1,170387634,3000.0,72.71865378192913,A,0,selected by exact source-relief MILP for diagnostic pricing only
156,126475675,2,144534751,3000.0,73.15914631115284,A,0,selected by exact source-relief MILP for diagnostic pricing only
156,126475675,3,133763576,3000.0,73.31323703811194,A,0,selected by exact source-relief MILP for diagnostic pricing only
156,126475675,4,145033022,5050.0,123.15122962377396,A,0,selected by exact source-relief MILP for diagnostic pricing only
156,126475675,5,138253214,6000.0,147.1374520733008,A,0,selected by exact source-relief MILP for diagnostic pricing only
156,126475675,6,148029832,10000.0,247.80404423386764,A,0,selected by exact source-relief MILP for diagnostic pricing only
157,126627481,1,170387634,3000.0,72.71865378192913,A,0,selected by exact source-relief MILP for diagnostic pricing only
157,126627481,2,144534751,3000.0,73.15914631115284,A,0,selected by exact source-relief MILP for diagnostic pricing only
157,126627481,3,133763576,3000.0,73.31323703811194,A,0,selected by exact source-relief MILP for diagnostic pricing only
157,126627481,4,145033022,5050.0,123.15122962377396,A,0,selected by exact source-relief MILP for diagnostic pricing only
157,126627481,5,138253214,6000.0,147.1374520733008,A,0,selected by exact source-relief MILP for diagnostic pricing only
157,126627481,6,148029832,10000.0,247.80404423386764,A,0,selected by exact source-relief MILP for diagnostic pricing only
158,140525561,1,170387634,3000.0,72.71865378192913,A,0,selected by exact source-relief MILP for diagnostic pricing only
158,140525561,2,144534751,3000.0,73.15914631115284,A,0,selected by exact source-relief MILP for diagnostic pricing only
158,140525561,3,133763576,3000.0,73.31323703811194,A,0,selected by exact source-relief MILP for diagnostic pricing only
158,140525561,4,138253214,6000.0,147.1374520733008,A,0,selected by exact source-relief MILP for diagnostic pricing only
158,140525561,5,148029832,10000.0,247.80404423386764,A,0,selected by exact source-relief MILP for diagnostic pricing only
159,159812601,1,170387634,3000.0,72.71865378192913,A,0,selected by exact source-relief MILP for diagnostic pricing only
159,159812601,2,144534751,3000.0,73.15914631115284,A,0,selected by exact source-relief MILP for diagnostic pricing only
159,159812601,3,133763576,3000.0,73.31323703811194,A,0,selected by exact source-relief MILP for diagnostic pricing only
159,159812601,4,138253214,6000.0,147.1374520733008,A,0,selected by exact source-relief MILP for diagnostic pricing only
160,126813391,1,159357211,1500.0,37.236996479670715,A,0,selected by exact source-relief MILP for diagnostic pricing only
160,126813391,2,137182894,1800.0,44.22659987973943,A,0,selected by exact source-relief MILP for diagnostic pricing only
160,126813391,3,170387634,3000.0,72.71865378192913,A,0,selected by exact source-relief MILP for diagnostic pricing only
160,126813391,4,144534751,3000.0,73.15914631115284,A,0,selected by exact source-relief MILP for diagnostic pricing only
160,126813391,5,133763576,3000.0,73.31323703811194,A,0,selected by exact source-relief MILP for diagnostic pricing only
160,126813391,6,138253214,6000.0,147.1374520733008,A,0,selected by exact source-relief MILP for diagnostic pricing only
160,126813391,7,160327845,7500.0,186.18498239835355,A,0,selected by exact source-relief MILP for diagnostic pricing only
161,126497231,1,159357211,1500.0,37.236996479670715,A,0,selected by exact source-relief MILP for diagnostic pricing only
161,126497231,2,170387634,3000.0,72.71865378192913,A,0,selected by exact source-relief MILP for diagnostic pricing only
161,126497231,3,144534751,3000.0,73.15914631115284,A,0,selected by exact source-relief MILP for diagnostic pricing only
161,126497231,4,133763576,3000.0,73.31323703811194,A,0,selected by exact source-relief MILP for diagnostic pricing only
161,126497231,5,160327845,7500.0,186.18498239835355,A,0,selected by exact source-relief MILP for diagnostic pricing only
162,145308947,1,170387634,3000.0,72.71865378192913,A,0,selected by exact source-relief MILP for diagnostic pricing only
162,145308947,2,144534751,3000.0,73.15914631115284,A,0,selected by exact source-relief MILP for diagnostic pricing only
162,145308947,3,133763576,3000.0,73.31323703811194,A,0,selected by exact source-relief MILP for diagnostic pricing only
162,145308947,4,145033022,5050.0,123.15122962377396,A,0,selected by exact source-relief MILP for diagnostic pricing only
162,145308947,5,138253214,6000.0,147.1374520733008,A,0,selected by exact source-relief MILP for diagnostic pricing only
162,145308947,6,148029832,10000.0,247.80404423386764,A,0,selected by exact source-relief MILP for diagnostic pricing only
163,146822218,1,137182894,1800.0,44.22659987973943,A,0,selected by exact source-relief MILP for diagnostic pricing only
163,146822218,2,170387634,3000.0,72.71865378192913,A,0,selected by exact source-relief MILP for diagnostic pricing only
163,146822218,3,144534751,3000.0,73.15914631115284,A,0,selected by exact source-relief MILP for diagnostic pricing only
163,146822218,4,145033022,5050.0,123.15122962377396,A,0,selected by exact source-relief MILP for diagnostic pricing only
163,146822218,5,138253214,6000.0,147.1374520733008,A,0,selected by exact source-relief MILP for diagnostic pricing only
163,146822218,6,148029832,10000.0,247.80404423386764,A,0,selected by exact source-relief MILP for diagnostic pricing only
164,130650615,1,170387634,3000.0,72.71865378192913,A,0,selected by exact source-relief MILP for diagnostic pricing only
164,130650615,2,144534751,3000.0,73.15914631115284,A,0,selected by exact source-relief MILP for diagnostic pricing only
164,130650615,3,133763576,3000.0,73.31323703811194,A,0,selected by exact source-relief MILP for diagnostic pricing only
164,130650615,4,145033022,5050.0,123.15122962377396,A,0,selected by exact source-relief MILP for diagnostic pricing only
164,130650615,5,138253214,6000.0,147.1374520733008,A,0,selected by exact source-relief MILP for diagnostic pricing only
165,140004422,1,170387634,3000.0,72.71865378192913,A,0,selected by exact source-relief MILP for diagnostic pricing only
165,140004422,2,144534751,3000.0,73.15914631115284,A,0,selected by exact source-relief MILP for diagnostic pricing only
165,140004422,3,133763576,3000.0,73.31323703811194,A,0,selected by exact source-relief MILP for diagnostic pricing only
165,140004422,4,145033022,5050.0,123.15122962377396,A,0,selected by exact source-relief MILP for diagnostic pricing only
165,140004422,5,138253214,6000.0,147.1374520733008,A,0,selected by exact source-relief MILP for diagnostic pricing only
165,140004422,6,148029832,10000.0,247.80404423386764,A,0,selected by exact source-relief MILP for diagnostic pricing only
166,138074375,1,170387634,3000.0,72.71865378192913,A,0,selected by exact source-relief MILP for diagnostic pricing only
166,138074375,2,144534751,3000.0,73.15914631115284,A,0,selected by exact source-relief MILP for diagnostic pricing only
166,138074375,3,133763576,3000.0,73.31323703811194,A,0,selected by exact source-relief MILP for diagnostic pricing only
166,138074375,4,138253214,6000.0,147.1374520733008,A,0,selected by exact source-relief MILP for diagnostic pricing only
166,138074375,5,148029832,10000.0,247.80404423386764,A,0,selected by exact source-relief MILP for diagnostic pricing only
167,137816255,1,170387634,3000.0,72.71865378192913,A,0,selected by exact source-relief MILP for diagnostic pricing only
167,137816255,2,144534751,3000.0,73.15914631115284,A,0,selected by exact source-relief MILP for diagnostic pricing only
167,137816255,3,133763576,3000.0,73.31323703811194,A,0,selected by exact source-relief MILP for diagnostic pricing only
167,137816255,4,138253214,6000.0,147.1374520733008,A,0,selected by exact source-relief MILP for diagnostic pricing only
167,137816255,5,148029832,10000.0,247.80404423386764,A,0,selected by exact source-relief MILP for diagnostic pricing only
168,146333347,1,137182894,1800.0,44.22659987973943,A,0,selected by exact source-relief MILP for diagnostic pricing only
168,146333347,2,170387634,3000.0,72.71865378192913,A,0,selected by exact source-relief MILP for diagnostic pricing only
168,146333347,3,144534751,3000.0,73.15914631115284,A,0,selected by exact source-relief MILP for diagnostic pricing only
168,146333347,4,133763576,3000.0,73.31323703811194,A,0,selected by exact source-relief MILP for diagnostic pricing only
168,146333347,5,138253214,6000.0,147.1374520733008,A,0,selected by exact source-relief MILP for diagnostic pricing only
168,146333347,6,160327845,7500.0,186.18498239835355,A,0,selected by exact source-relief MILP for diagnostic pricing only
168,146333347,7,158700271,8000.0,198.2323499409941,A,0,selected by exact source-relief MILP for diagnostic pricing only
169,145478560,1,159357211,1500.0,37.236996479670715,A,0,selected by exact source-relief MILP for diagnostic pricing only
169,145478560,2,170387634,3000.0,72.71865378192913,A,0,selected by exact source-relief MILP for diagnostic pricing only
169,145478560,3,144534751,3000.0,73.15914631115284,A,0,selected by exact source-relief MILP for diagnostic pricing only
169,145478560,4,138253214,6000.0,147.1374520733008,A,0,selected by exact source-relief MILP for diagnostic pricing only
169,145478560,5,160327845,7500.0,186.18498239835355,A,0,selected by exact source-relief MILP for diagnostic pricing only
170,143324448,1,170387634,3000.0,72.71865378192913,A,0,selected by exact source-relief MILP for diagnostic pricing only
170,143324448,2,144534751,3000.0,73.15914631115284,A,0,selected by exact source-relief MILP for diagnostic pricing only
170,143324448,3,133763576,3000.0,73.31323703811194,A,0,selected by exact source-relief MILP for diagnostic pricing only
170,143324448,4,145033022,5050.0,123.15122962377396,A,0,selected by exact source-relief MILP for diagnostic pricing only
170,143324448,5,138253214,6000.0,147.1374520733008,A,0,selected by exact source-relief MILP for diagnostic pricing only
171,137209482,1,137182894,1800.0,44.22659987973943,A,0,selected by exact source-relief MILP for diagnostic pricing only
171,137209482,2,161626478,2400.0,59.91771594001454,A,0,selected by exact source-relief MILP for diagnostic pricing only
171,137209482,3,170387634,3000.0,72.71865378192913,A,0,selected by exact source-relief MILP for diagnostic pricing only
171,137209482,4,144534751,3000.0,73.15914631115284,A,0,selected by exact source-relief MILP for diagnostic pricing only
171,137209482,5,133763576,3000.0,73.31323703811194,A,0,selected by exact source-relief MILP for diagnostic pricing only
171,137209482,6,138253214,6000.0,147.1374520733008,A,0,selected by exact source-relief MILP for diagnostic pricing only
171,137209482,7,160327845,7500.0,186.18498239835355,A,0,selected by exact source-relief MILP for diagnostic pricing only
171,137209482,8,158700271,8000.0,198.2323499409941,A,0,selected by exact source-relief MILP for diagnostic pricing only
172,126429998,1,148096150,1000.0,27.38487574759364,A,0,selected by exact source-relief MILP for diagnostic pricing only
172,126429998,2,138240169,35000.0,858.3018037609215,A,0,selected by exact source-relief MILP for diagnostic pricing only
173,145000743,1,159357211,1500.0,37.236996479670715,A,0,selected by exact source-relief MILP for diagnostic pricing only
173,145000743,2,170387634,3000.0,72.71865378192913,A,0,selected by exact source-relief MILP for diagnostic pricing only
173,145000743,3,144534751,3000.0,73.15914631115284,A,0,selected by exact source-relief MILP for diagnostic pricing only
173,145000743,4,133763576,3000.0,73.31323703811194,A,0,selected by exact source-relief MILP for diagnostic pricing only
173,145000743,5,160327845,7500.0,186.18498239835355,A,0,selected by exact source-relief MILP for diagnostic pricing only
174,138154850,1,138240169,35000.0,858.3018037609215,A,0,selected by exact source-relief MILP for diagnostic pricing only
175,138535804,1,138240169,35000.0,858.3018037609215,A,0,selected by exact source-relief MILP for diagnostic pricing only
176,161941509,1,137182894,1800.0,44.22659987973943,A,0,selected by exact source-relief MILP for diagnostic pricing only
176,161941509,2,161626478,2400.0,59.91771594001454,A,0,selected by exact source-relief MILP for diagnostic pricing only
176,161941509,3,170387634,3000.0,72.71865378192913,A,0,selected by exact source-relief MILP for diagnostic pricing only
176,161941509,4,144534751,3000.0,73.15914631115284,A,0,selected by exact source-relief MILP for diagnostic pricing only
176,161941509,5,145033022,5050.0,123.15122962377396,A,0,selected by exact source-relief MILP for diagnostic pricing only
177,143313870,1,170387634,3000.0,72.71865378192913,A,0,selected by exact source-relief MILP for diagnostic pricing only
177,143313870,2,144534751,3000.0,73.15914631115284,A,0,selected by exact source-relief MILP for diagnostic pricing only
177,143313870,3,133763576,3000.0,73.31323703811194,A,0,selected by exact source-relief MILP for diagnostic pricing only
177,143313870,4,138253214,6000.0,147.1374520733008,A,0,selected by exact source-relief MILP for diagnostic pricing only
178,137046274,1,145033022,5050.0,123.15122962377396,A,0,selected by exact source-relief MILP for diagnostic pricing only
178,137046274,2,138240169,35000.0,858.3018037609215,A,0,selected by exact source-relief MILP for diagnostic pricing only
179,137374102,1,145033022,5050.0,123.15122962377396,A,0,selected by exact source-relief MILP for diagnostic pricing only
179,137374102,2,138240169,35000.0,858.3018037609215,A,0,selected by exact source-relief MILP for diagnostic pricing only
180,137511318,1,145033022,5050.0,123.15122962377396,A,0,selected by exact source-relief MILP for diagnostic pricing only
180,137511318,2,138240169,35000.0,858.3018037609215,A,0,selected by exact source-relief MILP for diagnostic pricing only
181,136370558,1,145033022,5050.0,123.15122962377396,A,0,selected by exact source-relief MILP for diagnostic pricing only
181,136370558,2,138240169,35000.0,858.3018037609215,A,0,selected by exact source-relief MILP for diagnostic pricing only
182,156732024,1,159357211,1500.0,37.236996479670715,A,0,selected by exact source-relief MILP for diagnostic pricing only
182,156732024,2,137182894,1800.0,44.22659987973943,A,0,selected by exact source-relief MILP for diagnostic pricing only
182,156732024,3,161626478,2400.0,59.91771594001454,A,0,selected by exact source-relief MILP for diagnostic pricing only
182,156732024,4,170387634,3000.0,72.71865378192913,A,0,selected by exact source-relief MILP for diagnostic pricing only
182,156732024,5,144534751,3000.0,73.15914631115284,A,0,selected by exact source-relief MILP for diagnostic pricing only
182,156732024,6,133763576,3000.0,73.31323703811194,A,0,selected by exact source-relief MILP for diagnostic pricing only
183,144095655,1,170387634,3000.0,72.71865378192913,A,0,selected by exact source-relief MILP for diagnostic pricing only
183,144095655,2,144534751,3000.0,73.15914631115284,A,0,selected by exact source-relief MILP for diagnostic pricing only
183,144095655,3,133763576,3000.0,73.31323703811194,A,0,selected by exact source-relief MILP for diagnostic pricing only
183,144095655,4,145033022,5050.0,123.15122962377396,A,0,selected by exact source-relief MILP for diagnostic pricing only
183,144095655,5,158700271,8000.0,198.2323499409941,A,0,selected by exact source-relief MILP for diagnostic pricing only
184,138048157,1,145033022,5050.0,123.15122962377396,A,0,selected by exact source-relief MILP for diagnostic pricing only
184,138048157,2,138240169,35000.0,858.3018037609215,A,0,selected by exact source-relief MILP for diagnostic pricing only
185,138871938,1,145033022,5050.0,123.15122962377396,A,0,selected by exact source-relief MILP for diagnostic pricing only
185,138871938,2,138240169,35000.0,858.3018037609215,A,0,selected by exact source-relief MILP for diagnostic pricing only
186,139331050,1,145033022,5050.0,123.15122962377396,A,0,selected by exact source-relief MILP for diagnostic pricing only
186,139331050,2,138240169,35000.0,858.3018037609215,A,0,selected by exact source-relief MILP for diagnostic pricing only
187,139249774,1,145033022,5050.0,123.15122962377396,A,0,selected by exact source-relief MILP for diagnostic pricing only
187,139249774,2,138240169,35000.0,858.3018037609215,A,0,selected by exact source-relief MILP for diagnostic pricing only
188,138926903,1,145033022,5050.0,123.15122962377396,A,0,selected by exact source-relief MILP for diagnostic pricing only
188,138926903,2,138240169,35000.0,858.3018037609215,A,0,selected by exact source-relief MILP for diagnostic pricing only
189,138747725,1,145033022,5050.0,123.15122962377396,A,0,selected by exact source-relief MILP for diagnostic pricing only
189,138747725,2,138240169,35000.0,858.3018037609215,A,0,selected by exact source-relief MILP for diagnostic pricing only
190,138923287,1,145033022,5050.0,123.15122962377396,A,0,selected by exact source-relief MILP for diagnostic pricing only
190,138923287,2,138240169,35000.0,858.3018037609215,A,0,selected by exact source-relief MILP for diagnostic pricing only
191,138359607,1,145033022,5050.0,123.15122962377396,A,0,selected by exact source-relief MILP for diagnostic pricing only
191,138359607,2,138240169,35000.0,858.3018037609215,A,0,selected by exact source-relief MILP for diagnostic pricing only
192,134696476,1,145033022,5050.0,123.15122962377396,A,0,selected by exact source-relief MILP for diagnostic pricing only
192,134696476,2,138240169,35000.0,858.3018037609215,A,0,selected by exact source-relief MILP for diagnostic pricing only
193,134384198,1,145033022,5050.0,123.15122962377396,A,0,selected by exact source-relief MILP for diagnostic pricing only
193,134384198,2,138240169,35000.0,858.3018037609215,A,0,selected by exact source-relief MILP for diagnostic pricing only
194,147308854,1,170387634,3000.0,72.71865378192913,A,0,selected by exact source-relief MILP for diagnostic pricing only
194,147308854,2,144534751,3000.0,73.15914631115284,A,0,selected by exact source-relief MILP for diagnostic pricing only
194,147308854,3,133763576,3000.0,73.31323703811194,A,0,selected by exact source-relief MILP for diagnostic pricing only
194,147308854,4,145033022,5050.0,123.15122962377396,A,0,selected by exact source-relief MILP for diagnostic pricing only
194,147308854,5,138253214,6000.0,147.1374520733008,A,0,selected by exact source-relief MILP for diagnostic pricing only
195,127269558,1,138240169,35000.0,858.3018037609215,A,0,selected by exact source-relief MILP for diagnostic pricing only
196,127410997,1,138240169,35000.0,858.3018037609215,A,0,selected by exact source-relief MILP for diagnostic pricing only
197,144217593,1,170387634,3000.0,72.71865378192913,A,0,selected by exact source-relief MILP for diagnostic pricing only
197,144217593,2,144534751,3000.0,73.15914631115284,A,0,selected by exact source-relief MILP for diagnostic pricing only
197,144217593,3,133763576,3000.0,73.31323703811194,A,0,selected by exact source-relief MILP for diagnostic pricing only
197,144217593,4,138253214,6000.0,147.1374520733008,A,0,selected by exact source-relief MILP for diagnostic pricing only
197,144217593,5,148029832,10000.0,247.80404423386764,A,0,selected by exact source-relief MILP for diagnostic pricing only
198,141050246,1,137182894,1800.0,44.22659987973943,A,0,selected by exact source-relief MILP for diagnostic pricing only
198,141050246,2,161626478,2400.0,59.91771594001454,A,0,selected by exact source-relief MILP for diagnostic pricing only
198,141050246,3,170387634,3000.0,72.71865378192913,A,0,selected by exact source-relief MILP for diagnostic pricing only
198,141050246,4,144534751,3000.0,73.15914631115284,A,0,selected by exact source-relief MILP for diagnostic pricing only
198,141050246,5,145033022,5050.0,123.15122962377396,A,0,selected by exact source-relief MILP for diagnostic pricing only
198,141050246,6,138253214,6000.0,147.1374520733008,A,0,selected by exact source-relief MILP for diagnostic pricing only
198,141050246,7,148029832,10000.0,247.80404423386764,A,0,selected by exact source-relief MILP for diagnostic pricing only
199,153696226,1,170387634,3000.0,72.71865378192913,A,0,selected by exact source-relief MILP for diagnostic pricing only
199,153696226,2,144534751,3000.0,73.15914631115284,A,0,selected by exact source-relief MILP for diagnostic pricing only
199,153696226,3,133763576,3000.0,73.31323703811194,A,0,selected by exact source-relief MILP for diagnostic pricing only
199,153696226,4,145033022,5050.0,123.15122962377396,A,0,selected by exact source-relief MILP for diagnostic pricing only
199,153696226,5,138253214,6000.0,147.1374520733008,A,0,selected by exact source-relief MILP for diagnostic pricing only
199,153696226,6,148029832,10000.0,247.80404423386764,A,0,selected by exact source-relief MILP for diagnostic pricing only
200,127557558,1,137182894,1800.0,44.22659987973943,A,0,selected by exact source-relief MILP for diagnostic pricing only
200,127557558,2,170387634,3000.0,72.71865378192913,A,0,selected by exact source-relief MILP for diagnostic pricing only
200,127557558,3,144534751,3000.0,73.15914631115284,A,0,selected by exact source-relief MILP for diagnostic pricing only
200,127557558,4,133763576,3000.0,73.31323703811194,A,0,selected by exact source-relief MILP for diagnostic pricing only
200,127557558,5,138253214,6000.0,147.1374520733008,A,0,selected by exact source-relief MILP for diagnostic pricing only
